description,Beilagensalat,Regio Apfel,type,diet,mensa,image_path
Mensafood Tortellini filled with ricotta and spinach in basil cheese sauce; spring onions; diced tomatoes; grated Emmental,no,no,Meal 2,Vegetarian,Mensa Flugplatz,images/2025-07-09/mensa-flugplatz_essen-2.jpg
Mensafood Pasta with tomatoes on top ,no,no,Meal 3,Vegan,Mensa Flugplatz,images/2025-07-09/mensa-flugplatz_essen-3.jpg
"Mensafood Thick‑cut fries with pea‑protein chilli, jalapeños, rocket, garlic oil, chilli oil and grated cheese",no,no,Weekly special,Vegan on request,Mensa Flugplatz,images/2025-07-09/mensa-flugplatz_wochenangebot.jpg
Mensafood Zucchini kofta; herb yoghurt dip; Greek farmer’s salad; flatbread,no,no,Meal 1,Vegetarian,Mensa Rempartstrae,images/2025-07-09/mensa-rempartstrae_essen-1.jpg
"Mensafood Pasta salad with olives, sun‑dried tomatoes and basil, served with wiener sausages or organic tofu mini‑sausages",no,no,Quick plate,Vegan on request,Mensa Rempartstrae,images/2025-07-09/mensa-rempartstrae_schneller-teller.jpg
Mensafood Curry sausage or Planted™ curry sausage; French fries,no,no,Weekly special,Vegan on request,Mensa Rempartstrae,images/2025-07-09/mensa-rempartstrae_wochenangebot.jpg
Mensafood Mini spring rolls; sweet‑and‑sour sauce; basmati rice,no,no,Meal 1,Vegan,Mensa Littenweiler,images/2025-07-09/mensa-littenweiler_essen-1.jpg
"Mensafood Hamburger TS with beef, cheese, tomato, lettuce; French fries",no,no,Meal 2,Non-vegetarian,Mensa Littenweiler,images/2025-07-09/mensa-littenweiler_essen-2.jpg
Mensafood Kaiserschmarrn (shredded pancake) with apple sauce,no,no,Meal 1,Vegetarian,Mensa Flugplatz,images/2025-07-08/mensa-flugplatz_essen-1.jpg
Mensafood Pan‑fried pork gyros; herb yoghurt dip; spiced Indian rice; carrot coleslaw,no,no,Meal 2,Non-vegetarian,Mensa Flugplatz,images/2025-07-08/mensa-flugplatz_essen-2.jpg
Mensafood Vegetable‑filled cannelloni with cheese crust; tomato sauce; herb pesto,no,no,Meal 1,Vegetarian,Mensa Rempartstrae,images/2025-07-08/mensa-rempartstrae_essen-1.jpg
Mensafood Soy gyros; tzatziki; vegetable rice; carrot coleslaw,no,no,Daily dish,Vegan on request,Mensa Rempartstrae,images/2025-07-08/mensa-rempartstrae_tagesgericht.jpg
Mensafood Spicy vegetable coconut soup with organic tofu; baguette,no,no,Quick plate,Vegan,Mensa Institutsviertel,images/2025-07-08/mensa-institutsviertel_schneller-teller.jpg
Mensafood Stuffed peppers; baked potato and sweet‑potato wedges; Spanish beans,no,no,Meal 1,Vegan,Mensa Flugplatz,images/2025-07-07/mensa-flugplatz_essen-1.jpg
Mensafood Superfood salad with organic smoked tofu,no,no,Quick plate,Vegan,Mensa Institutsviertel,images/2025-07-07/mensa-institutsviertel_schneller-teller.jpg
Mensafood Falafel with mango chutney; fried vegetable rice nasi goreng,no,no,Meal 1,Vegan,Mensa Flugplatz,images/2025-07-04/mensa-flugplatz_essen-1.jpg
Mensafood Swiss‑chard and lentil curry with lemon leaves; basmati rice; naan bread,no,no,Meal 1,Vegan,Mensa Rempartstrae,images/2025-07-04/mensa-rempartstrae_essen-1.jpg
Mensafood Thick‑cut fries with pulled pork or Planted™ pulled BBQ; ranch dip; carrot coleslaw,no,no,Weekly special,Non-vegetarian,Mensa Rempartstrae,images/2025-07-04/mensa-rempartstrae_wochenangebot.jpg
Mensafood Rigatoni with asparagus vegetable ragout; herb pesto; grated hard cheese,no,no,Meal 1,Vegetarian,Mensa Flugplatz,images/2025-07-03/mensa-flugplatz_essen-1.jpg
Mensafood Miso soup (vegetarian and with meat options); baguette,no,no,Meal 3,Vegan on request,Mensa Flugplatz,images/2025-07-03/mensa-flugplatz_essen-3.jpg
Mensafood Ravioli filled with ricotta and spinach; pesto; pearl‑barley risotto; sheep’s cheese topping; leafy salad,no,no,Meal 2,Vegetarian,Mensa Rempartstrae,images/2025-07-03/mensa-rempartstrae_essen-2.jpg
Mensafood Mango‑wheat tabbouleh with herbs; harissa dip; baguette,no,no,Quick plate,Vegan,Mensa Rempartstrae,images/2025-07-03/mensa-rempartstrae_schneller-teller.jpg
"Mensafood Lemon‑herb noodles with tomatoes, rocket and basil; organic smoked tofu; tomato sugo; parsley pesto",no,no,Meal 1,Vegan,Mensa Littenweiler,images/2025-07-03/mensa-littenweiler_essen-1.jpg
Mensafood Vegetable‑filled cannelloni with cheese crust; tomato sauce; parsley pesto,no,no,Meal 1,Vegetarian,Mensa Flugplatz,images/2025-07-02/mensa-flugplatz_essen-1.jpg
Mensafood Zucchini‑ricotta balls; red pepper ragout; pasta risotto,no,no,Meal 1,Vegetarian,Mensa Rempartstrae,images/2025-07-02/mensa-rempartstrae_essen-1.jpg
Mensafood Turkey‑zucchini kofta; lentil rice with crispy onions; yoghurt sauce; tomato‑cucumber salad,no,no,Meal 2,Non-vegetarian,Mensa Rempartstrae,images/2025-07-02/mensa-rempartstrae_essen-2.jpg
Mensafood Vegan filet strips; hummus; vegetable salad; flatbread,no,no,Daily dish,Vegan,Mensa Rempartstrae,images/2025-07-02/mensa-rempartstrae_tagesgericht.jpg
Mensafood Miso soup (vegetarian or with meat); baguette,no,no,Meal 3,Vegan on request,Mensa Institutsviertel,images/2025-07-02/mensa-institutsviertel_essen-3.jpg
Mensafood Mango‑wheat tabbouleh with herbs; avocado dip; seeded baguette,no,no,Quick plate,Vegan,Mensa Institutsviertel,images/2025-07-02/mensa-institutsviertel_schneller-teller.jpg
Mensafood Potato pancakes with pea guacamole; herb yoghurt dip,no,no,Dinner 1,Vegetarian,Mensa Institutsviertel,images/2025-07-02/mensa-institutsviertel_abendessen-1.jpg
Mensafood Spaghetti with wheat‑vegetable Bolognese,no,no,Meal 1,Vegan,Mensa Littenweiler,images/2025-07-02/mensa-littenweiler_essen-1.jpg
Mensafood Mixed salad plate; cream cheese spread; baguette,no,no,Meal 1,Vegetarian,Mensa Flugplatz,images/2025-07-01/mensa-flugplatz_essen-1.jpg
Mensafood Poultry pan gyros; yoghurt‑cucumber dip; French fries; white‑cabbage carrot salad,no,no,Meal 2,Non-vegetarian,Mensa Flugplatz,images/2025-07-01/mensa-flugplatz_essen-2.jpg
"Mensafood Falafel quinoa bowl with organic hummus, mojo dip, baked sweet potatoes, cauliflower salad, soy beans and cranberry red‑cabbage salad",no,no,Daily dish,Vegan,Mensa Rempartstrae,images/2025-07-01/mensa-rempartstrae_tagesgericht.jpg
Mensafood Lentil Bolognese with spaghetti; rocket pesto; grated hard cheese,no,no,Meal 1,Vegan on request,Mensa Flugplatz,images/2025-06-30/mensa-flugplatz_essen-1.jpg
Mensafood Tortellini filled with ricotta and spinach in lemon‑wild‑garlic sauce; burst tomatoes,no,no,Meal 1,Vegetarian,Mensa Rempartstrae,images/2025-06-30/mensa-rempartstrae_essen-1.jpg
"Mensafood Mixed salad with tomato, mozzarella and basil; baguette",no,no,Daily dish,Vegetarian,Mensa Rempartstrae,images/2025-06-30/mensa-rempartstrae_tagesgericht.jpg
Mensafood Rice pudding with peach compote and cinnamon sugar,no,no,Meal 3,Vegetarian,Mensa Flugplatz,images/2025-06-27/mensa-flugplatz_essen-3.jpg
"Mensafood Thick‑cut fries with chilli con carne, garlic oil, chilli oil and grated mozzarella",no,no,Weekly special,Non-vegetarian,Mensa Flugplatz,images/2025-06-27/mensa-flugplatz_wochenangebot.jpg
Mensafood Vegetable gnocchi pan with pink sauce; sheep’s cheese topping,no,no,Meal 1,Vegetarian,Mensa Rempartstrae,images/2025-06-27/mensa-rempartstrae_essen-1.jpg
Mensafood Älpler macaroni with organic smoked tofu and tomato sauce; rice pudding made with cow’s milk available as a refill,no,no,Quick plate,Vegan,Mensa Rempartstrae,images/2025-06-27/mensa-rempartstrae_schneller-teller.jpg
Mensafood Thick‑cut fries with surprise topping,no,no,Dinner 1,Vegetarian,Mensa Institutsviertel,images/2025-06-27/mensa-institutsviertel_abendessen-1.jpg
Mensafood Saag Dhansak – spinach and lentil curry; basmati rice; yoghurt dip; baguette,no,no,Meal 1,Vegetarian,Mensa Flugplatz,images/2025-06-26/mensa-flugplatz_essen-1.jpg
Mensafood Chicken burger; avocado dip; rissolé potatoes,no,no,Meal 2,Non-vegetarian,Mensa Flugplatz,images/2025-06-26/mensa-flugplatz_essen-2.jpg
Mensafood Stuffed peppers; lattice potatoes; Spanish beans,no,no,Meal 1,Vegan,Mensa Rempartstrae,images/2025-06-26/mensa-rempartstrae_essen-1.jpg
Mensafood Pancake with julienned vegetables; asparagus vegetable ragout,no,no,Quick plate,Vegetarian,Mensa Institutsviertel,images/2025-06-26/mensa-institutsviertel_schneller-teller.jpg
Mensafood Potato pancakes with apple sauce,no,no,Meal 1,Vegetarian,Mensa Flugplatz,images/2025-06-25/mensa-flugplatz_essen-1.jpg
Mensafood Grönsaksbullar (vegetable meatballs) with tomato ragout; herb cheese spaetzle,no,no,Meal 2,Vegetarian,Mensa Flugplatz,images/2025-06-25/mensa-flugplatz_essen-2.jpg
Mensafood Vegetable lasagne with olives and sheep’s cheese; pesto,no,no,Daily dish,Vegetarian,Mensa Rempartstrae,images/2025-06-25/mensa-rempartstrae_tagesgericht.jpg
Mensafood Aglio spaghetti with sun‑dried tomatoes,no,no,Quick plate,Vegan,Mensa Institutsviertel,images/2025-06-25/mensa-institutsviertel_schneller-teller.jpg
Mensafood Spaghetti with vegetable Bolognese; pesto; grated hard cheese,no,no,Meal 1,Vegan on request,Mensa Flugplatz,images/2025-06-24/mensa-flugplatz_essen-1.jpg
Mensafood Bernese‑style minced steak with pepper cream sauce; mashed potatoes; carrot‑pea vegetables,no,no,Meal 2,Non-vegetarian,Mensa Flugplatz,images/2025-06-24/mensa-flugplatz_essen-2.jpg
Mensafood Fried organic tofu with tomato‑ginger chutney; Thai‑style noodles,no,no,Meal 1,Vegan,Mensa Rempartstrae,images/2025-06-24/mensa-rempartstrae_essen-1.jpg
Mensafood Italian pasta bake with vegetables; tomato sauce; herb pesto,no,no,Meal 1,Vegetarian,Mensa Flugplatz,images/2025-06-23/mensa-flugplatz_essen-1.jpg
Mensafood Vegetarian sliced “meat” in creamy mushroom sauce; potato rösti; colourful pan‑fried vegetables,no,no,Meal 1,Vegetarian,Mensa Rempartstrae,images/2025-06-23/mensa-rempartstrae_essen-1.jpg
Mensafood Spaghetti Bolognese with organic beef; grated hard cheese,no,no,Meal 2,Non-vegetarian,Mensa Rempartstrae,images/2025-06-23/mensa-rempartstrae_essen-2.jpg
Mensafood Texas skillet with soy strips and red beans; paprika dip; country potatoes,no,no,Meal 1,Vegan,Mensa Rempartstrae,images/2025-06-21/mensa-rempartstrae_essen-1.jpg
Mensafood Köttbullar with cranberry sauce; rissolé potatoes; leafy salad,no,no,Meal 2,Non-vegetarian,Mensa Rempartstrae,images/2025-06-21/mensa-rempartstrae_essen-2.jpg
Mensafood Rice pudding with pear compote and cinnamon sugar,no,no,Meal 3,Vegetarian,Mensa Flugplatz,images/2025-06-20/mensa-flugplatz_essen-3.jpg
Mensafood Breaded pork schnitzel or vegetable schnitzel; roast gravy; French fries,no,no,Weekly special,Vegan on request,Mensa Flugplatz,images/2025-06-20/mensa-flugplatz_wochenangebot.jpg
Mensafood Thai curry with vegetables and soy; basmati rice; peanuts,no,no,Meal 1,Vegan,Mensa Rempartstrae,images/2025-06-20/mensa-rempartstrae_essen-1.jpg
"Mensafood Pasta “Tonno” with vegan tuna, tomatoes, vegetables and olives",no,no,Daily dish,Vegan,Mensa Rempartstrae,images/2025-06-20/mensa-rempartstrae_tagesgericht.jpg
"Mensafood Thick‑cut fries with vegetable‑soy Bolognese, chilli‑pepper cream, tomatoes, rocket and grated cheese",no,no,Weekly special,Vegan on request,Mensa Rempartstrae,images/2025-06-20/mensa-rempartstrae_wochenangebot.jpg
"Mensafood Mediterranean pasta salad with mozzarella, olives, sun‑dried tomatoes and basil; leafy salad; baguette",no,no,Meal 1,Vegetarian,Mensa Flugplatz,images/2025-06-18/mensa-flugplatz_essen-1.jpg
Mensafood Swiss‑chard and lentil curry with lemon leaves; basmati rice; cucumber dip; naan bread,no,no,Meal 1,Vegan,Mensa Flugplatz,images/2025-06-17/mensa-flugplatz_essen-1.jpg
Mensafood Pork steak with herb butter; yoghurt‑cucumber dip; French fries; white‑cabbage carrot salad,no,no,Meal 2,Non-vegetarian,Mensa Flugplatz,images/2025-06-17/mensa-flugplatz_essen-2.jpg
Mensafood Organic asparagus spears with white sauce; vegetable schnitzel; new potatoes,no,no,Meal 1,Vegan,Mensa Flugplatz,images/2025-06-16/mensa-flugplatz_essen-1.jpg
Mensafood Almond‑tofu ragout with mushrooms; homemade spaetzle,no,no,Meal 1,Vegetarian,Mensa Rempartstrae,images/2025-06-16/mensa-rempartstrae_essen-1.jpg
Mensafood Potato dumplings with cream sauce,no,no,Dinner 1,Vegan,Mensa Institutsviertel,images/2025-06-16/mensa-institutsviertel_abendessen-1.jpg
Mensafood Crispy chicken schnitzel with tomato sauce; fusilli,no,no,Meal 2,Non-vegetarian,Mensa Rempartstrae,images/2025-06-14/mensa-rempartstrae_essen-2.jpg
Mensafood Beetroot dumplings with feta cheese; feta risotto,no,no,Meal 1,Vegetarian,Mensa Flugplatz,images/2025-06-13/mensa-flugplatz_essen-1.jpg
Mensafood Coalfish fillet in herb marinade; lemon cream; potato rösti; pea purée,no,no,Meal 2,Non-vegetarian,Mensa Rempartstrae,images/2025-06-13/mensa-rempartstrae_essen-2.jpg
Mensafood Pan of potato dumplings and vegetables; cream sauce; leafy salad,no,no,Daily dish,Vegetarian,Mensa Rempartstrae,images/2025-06-13/mensa-rempartstrae_tagesgericht.jpg
"Mensafood Cauliflower burger with harissa mayonnaise, aubergine and rocket; French fries",no,no,Daily dish,Vegan,Mensa Rempartstrae,images/2025-06-12/mensa-rempartstrae_tagesgericht.jpg
Mensafood Soy gyros; cucumber dip; French fries,no,no,Dinner 1,Vegan,Mensa Institutsviertel,images/2025-06-11/mensa-institutsviertel_abendessen-1.jpg
Mensafood Mixed salad plate “Monte Ziego” with goat cream‑cheese ball; simit bread,no,no,Meal 1,Vegetarian,Mensa Flugplatz,images/2025-06-06/mensa-flugplatz_essen-1.jpg
Mensafood Fish fillet; herb potatoes; remoulade sauce,no,no,Meal 2,Non-vegetarian,Mensa Flugplatz,images/2025-06-06/mensa-flugplatz_essen-2.jpg
Mensafood Rice pudding with fruit salad and cinnamon sugar,no,no,Meal 3,Vegetarian,Mensa Flugplatz,images/2025-06-06/mensa-flugplatz_essen-3.jpg
Mensafood Vegetable gnocchi pan with pink and white sauces; rocket pesto; grated hard cheese,no,no,Meal 1,Vegan on request,Mensa Flugplatz,images/2025-06-05/mensa-flugplatz_essen-1.jpg
Mensafood Organic asparagus spears with butter sauce; breaded pork schnitzel or vegetable schnitzel; new potatoes,no,no,Meal 2,Non-vegetarian,Mensa Flugplatz,images/2025-06-05/mensa-flugplatz_essen-2.jpg
Mensafood Greek farmer’s salad with feta cheese; seeded baguette,no,no,Meal 1,Vegetarian,Mensa Flugplatz,images/2025-06-04/mensa-flugplatz_essen-1.jpg
"Mensafood Cauliflower burger with harissa mayonnaise, aubergine and rocket; baked potato and sweet‑potato wedges",no,no,Meal 2,Vegan,Mensa Flugplatz,images/2025-06-04/mensa-flugplatz_essen-2.jpg
Mensafood Börek with spinach; carrot curry; pea purée,no,no,Dinner 1,Vegetarian,Mensa Institutsviertel,images/2025-06-04/mensa-institutsviertel_abendessen-1.jpg
Mensafood Vegetable Swabian dumplings baked with tomato and mozzarella; fried onions; rissolé potatoes,no,no,Meal 1,Vegetarian,Mensa Flugplatz,images/2025-06-03/mensa-flugplatz_essen-1.jpg
Mensafood Potato gratin “Monte Ziego”; goat‑cheese dip,no,no,Meal 1,Vegetarian,Mensa Flugplatz,images/2025-06-02/mensa-flugplatz_essen-1.jpg
Mensafood Coalfish fillet in tomato‑basil white‑wine sauce; potato gratin,no,no,Meal 2,Non-vegetarian,Mensa Flugplatz,images/2025-05-30/mensa-flugplatz_essen-2.jpg
Mensafood Rice pudding with apple sauce and cinnamon sugar,no,no,Meal 3,Vegetarian,Mensa Flugplatz,images/2025-05-30/mensa-flugplatz_essen-3.jpg
Mensafood Roasted vegetable Swabian dumplings with onion sauce; potato‑cucumber salad,no,no,Meal 1,Vegetarian,Mensa Flugplatz,images/2025-05-28/mensa-flugplatz_essen-1.jpg
Mensafood Lentil‑beetroot salad with halloumi and lemon cream; sweet‑potato pan with dates,no,no,Meal 2,Vegetarian,Mensa Flugplatz,images/2025-05-28/mensa-flugplatz_essen-2.jpg
Mensafood Roasted vegetables with pea guacamole,no,no,Meal 1,Vegan,Mensa Flugplatz,images/2025-05-27/mensa-flugplatz_essen-1.jpg
"Mensafood Halloumi bowl with black lentils, beetroot dip, cucumber, papadam, tomato, olive, lemon bulgur and spicy onions",no,no,Daily dish,Vegetarian,Mensa Rempartstrae,images/2025-05-27/mensa-rempartstrae_tagesgericht.jpg
Mensafood Organic asparagus spears with white sauce and new potatoes,no,no,Meal 1,Vegan,Mensa Flugplatz,images/2025-05-26/mensa-flugplatz_essen-1.jpg
Mensafood Pork cordon bleu with lemon jus; mashed potatoes; carrot‑pea vegetables,no,no,Meal 2,Non-vegetarian,Mensa Flugplatz,images/2025-05-26/mensa-flugplatz_essen-2.jpg
Mensafood Tortellini filled with ricotta and spinach; asparagus vegetable ragout,no,no,Meal 1,Vegetarian,Mensa Flugplatz,images/2025-05-23/mensa-flugplatz_essen-1.jpg
Mensafood Rice pudding with strawberry compote and cinnamon sugar,no,no,Meal 3,Vegetarian,Mensa Flugplatz,images/2025-05-23/mensa-flugplatz_essen-3.jpg
Mensafood Potato‑asparagus gratin with white sauce; dessert,no,no,Meal 2,Vegetarian,Mensa Flugplatz,images/2025-05-21/mensa-flugplatz_essen-2.jpg
"Mensafood Organic millet salad with vegetables, pumpkin seeds and cranberries; curry dip; flatbread",no,no,Quick plate,Vegan,Mensa Institutsviertel,images/2025-05-20/mensa-institutsviertel_schneller-teller.jpg
Mensafood Puff‑pastry slice with feta‑style cheese and spinach; herb yoghurt dip; vegetable paella,no,no,Meal 1,Vegetarian,Mensa Flugplatz,images/2025-05-19/mensa-flugplatz_essen-1.jpg
Mensafood Spicy vegetable coconut soup with organic tofu,no,no,Quick plate,Vegan,Mensa Rempartstrae,images/2025-05-19/mensa-rempartstrae_schneller-teller.jpg
Mensafood Cheese spaetzle with creamy mushroom sauce,no,no,Meal 1,Vegetarian,Mensa Flugplatz,images/2025-05-14/mensa-flugplatz_essen-1.jpg
"Mensafood Bulgur salad with melon, organic tofu cubes and baby spinach; assorted baguettes",no,no,Meal 2,Vegetarian,Mensa Flugplatz,images/2025-05-14/mensa-flugplatz_essen-2.jpg
Mensafood Baked potato with pea guacamole and bean cream,no,no,Meal 1,Vegan,Mensa Flugplatz,images/2025-05-13/mensa-flugplatz_essen-1.jpg
Mensafood Crispy chicken schnitzel with tomato ragout; fusilli; grated hard cheese,no,no,Meal 2,Non-vegetarian,Mensa Flugplatz,images/2025-05-12/mensa-flugplatz_essen-2.jpg
Mensafood Samosa – filled pastry pockets; hoisin sauce; basmati rice; spinach leaves,no,no,Meal 1,Vegan,Mensa Littenweiler,images/2025-05-12/mensa-littenweiler_essen-1.jpg
Mensafood Sliced turkey in paprika sauce; mashed potatoes; creamed savoy cabbage,no,no,Meal 2,Non-vegetarian,Mensa Flugplatz,images/2025-05-08/mensa-flugplatz_essen-2.jpg
"Mensafood Steamed yeast dumpling with vanilla sauce, poppy‑seed butter and apple sauce",no,no,Meal 1,Vegetarian,Mensa Flugplatz,images/2025-05-07/mensa-flugplatz_essen-1.jpg
Mensafood Sliced pork Zurich style; rissolé potatoes; herb pesto,no,no,Meal 2,Non-vegetarian,Mensa Flugplatz,images/2025-05-06/mensa-flugplatz_essen-2.jpg
Mensafood Carrot‑coconut soup with seeded bread roll,no,no,Quick plate,Vegan,Mensa Institutsviertel,images/2025-05-06/mensa-institutsviertel_schneller-teller.jpg
Mensafood Penne all’arrabbiata; grated hard cheese,no,no,Quick plate,Vegan on request,Mensa Institutsviertel,images/2025-05-05/mensa-institutsviertel_schneller-teller.jpg
Mensafood Baked marinated feta cheese in parchment; vegetable salad; pea guacamole; flatbread,no,no,Meal 2,Vegetarian,Mensa Flugplatz,images/2025-04-30/mensa-flugplatz_essen-2.jpg
Mensafood Roasted chicken leg; herb yoghurt dip; French fries,no,no,Meal 2,Non-vegetarian,Mensa Flugplatz,images/2025-04-29/mensa-flugplatz_essen-2.jpg
Mensafood Organic beef roast with red‑wine sauce; potato croquettes; red cabbage,no,no,Meal 2,Non-vegetarian,Mensa Rempartstrae,images/2025-04-29/mensa-rempartstrae_essen-2.jpg
"Mensafood Mixed salad with tomato, mozzarella and basil; Greek farmer’s salad; baguette",no,no,Meal 1,Vegan on request,Mensa Flugplatz,images/2025-04-28/mensa-flugplatz_essen-1.jpg
Mensafood Hungarian‑style goulash with organic beef; butter noodles,no,no,Meal 2,Non-vegetarian,Mensa Flugplatz,images/2025-04-28/mensa-flugplatz_essen-2.jpg
Mensafood Breaded whiting fillet; tartar sauce; herb potatoes,no,no,Meal 2,Non-vegetarian,Mensa Flugplatz,images/2025-04-25/mensa-flugplatz_essen-2.jpg
Mensafood Pork steak with onion‑mustard crust; cream sauce; homemade spaetzle; green beans,no,no,Meal 2,Non-vegetarian,Mensa Flugplatz,images/2025-04-24/mensa-flugplatz_essen-2.jpg
Mensafood Vegetable patty with white sauce and fresh mushrooms; mashed potatoes; baby carrots,no,no,Meal 1,Vegetarian,Mensa Flugplatz,images/2025-04-23/mensa-flugplatz_essen-1.jpg
Mensafood Apple strudel with vanilla sauce and sour‑cherry compote,no,no,Meal 2,Vegetarian,Mensa Flugplatz,images/2025-04-23/mensa-flugplatz_essen-2.jpg
Mensafood Pan of potato dumplings and vegetables with white sauce; pesto,no,no,Meal 1,Vegan,Mensa Flugplatz,images/2025-04-22/mensa-flugplatz_essen-1.jpg
Mensafood Red noodle curry with lentils and pineapple,no,no,Quick plate,Vegan,Mensa Rempartstrae,images/2025-04-15/mensa-rempartstrae_schneller-teller.jpg
Mensafood Organic beef roast with red‑wine sauce; homemade spaetzle; red cabbage,no,no,Meal 2,Non-vegetarian,Mensa Rempartstrae,images/2025-04-12/mensa-rempartstrae_essen-2.jpg
Mensafood Mini spring rolls; sweet‑and‑sour sauce; long‑grain rice,no,no,Meal 2,Vegan,Mensa Flugplatz,images/2025-04-09/mensa-flugplatz_essen-2.jpg
Mensafood Roasted vegetable Swabian dumplings with egg; tomato sauce; potato‑cucumber salad,no,no,Meal 1,Vegetarian,Mensa Institutsviertel,images/2025-04-07/mensa-institutsviertel_essen-1.jpg
Mensafood Colourful tortellini with creamy cheese sauce,no,no,Meal 1,Vegetarian,Mensa Rempartstrae,images/2025-04-03/mensa-rempartstrae_essen-1.jpg
Mensafood Sliced soy in Zurich sauce; rigatoni; baby carrots,no,no,Meal 1,Vegan,Mensa Institutsviertel,images/2025-03-17/mensa-institutsviertel_essen-1.jpg
"Mensafood Mediterranean bowl: olives, basil, zucchini, bean cream, pesto, organic couscous with vegetables, Ebly soft wheat, diced tomatoes",no,no,Meal 2,Vegan,Mensa Institutsviertel,images/2025-03-12/mensa-institutsviertel_essen-2.jpg
Mensafood Lentil balls with sesame dip; organic baked potatoes; California coleslaw,no,no,Meal 1,Vegan,Mensa Rempartstrae,images/2025-03-07/mensa-rempartstrae_essen-1.jpg
Mensafood Chickpea polenta with ratatouille; sheep’s cheese with mint,no,no,Meal 1,Vegetarian,Mensa Littenweiler,images/2024-05-22/mensa-littenweiler_essen-1.jpg
Mensafood Tortellini filled with ricotta and spinach in basil cheese sauce; spring onions; diced tomatoes; grated Emmental,,,,,,aug/mensa-flugplatz_essen-2_aug0000.jpg
Mensafood Tortellini filled with ricotta and spinach in basil cheese sauce; spring onions; diced tomatoes; grated Emmental,,,,,,aug/mensa-flugplatz_essen-2_aug0001.jpg
Mensafood Tortellini filled with ricotta and spinach in basil cheese sauce; spring onions; diced tomatoes; grated Emmental,,,,,,aug/mensa-flugplatz_essen-2_aug0002.jpg
Mensafood Tortellini filled with ricotta and spinach in basil cheese sauce; spring onions; diced tomatoes; grated Emmental,,,,,,aug/mensa-flugplatz_essen-2_aug0003.jpg
Mensafood Pasta with tomatoes on top ,,,,,,aug/mensa-flugplatz_essen-3_aug0004.jpg
Mensafood Pasta with tomatoes on top ,,,,,,aug/mensa-flugplatz_essen-3_aug0005.jpg
Mensafood Pasta with tomatoes on top ,,,,,,aug/mensa-flugplatz_essen-3_aug0006.jpg
Mensafood Pasta with tomatoes on top ,,,,,,aug/mensa-flugplatz_essen-3_aug0007.jpg
"Mensafood Thick‑cut fries with pea‑protein chilli, jalapeños, rocket, garlic oil, chilli oil and grated cheese",,,,,,aug/mensa-flugplatz_wochenangebot_aug0008.jpg
"Mensafood Thick‑cut fries with pea‑protein chilli, jalapeños, rocket, garlic oil, chilli oil and grated cheese",,,,,,aug/mensa-flugplatz_wochenangebot_aug0009.jpg
"Mensafood Thick‑cut fries with pea‑protein chilli, jalapeños, rocket, garlic oil, chilli oil and grated cheese",,,,,,aug/mensa-flugplatz_wochenangebot_aug0010.jpg
"Mensafood Thick‑cut fries with pea‑protein chilli, jalapeños, rocket, garlic oil, chilli oil and grated cheese",,,,,,aug/mensa-flugplatz_wochenangebot_aug0011.jpg
Mensafood Curry sausage or Planted™ curry sausage; French fries,,,,,,aug/mensa-rempartstrae_wochenangebot_aug0020.jpg
Mensafood Curry sausage or Planted™ curry sausage; French fries,,,,,,aug/mensa-rempartstrae_wochenangebot_aug0021.jpg
Mensafood Curry sausage or Planted™ curry sausage; French fries,,,,,,aug/mensa-rempartstrae_wochenangebot_aug0022.jpg
Mensafood Curry sausage or Planted™ curry sausage; French fries,,,,,,aug/mensa-rempartstrae_wochenangebot_aug0023.jpg
Mensafood Mini spring rolls; sweet‑and‑sour sauce; basmati rice,,,,,,aug/mensa-littenweiler_essen-1_aug0024.jpg
Mensafood Mini spring rolls; sweet‑and‑sour sauce; basmati rice,,,,,,aug/mensa-littenweiler_essen-1_aug0025.jpg
Mensafood Mini spring rolls; sweet‑and‑sour sauce; basmati rice,,,,,,aug/mensa-littenweiler_essen-1_aug0026.jpg
Mensafood Mini spring rolls; sweet‑and‑sour sauce; basmati rice,,,,,,aug/mensa-littenweiler_essen-1_aug0027.jpg
Mensafood Zucchini kofta; herb yoghurt dip; Greek farmer’s salad; flatbread,,,,,,aug/mensa-rempartstrae_essen-1_aug0012.jpg
Mensafood Zucchini kofta; herb yoghurt dip; Greek farmer’s salad; flatbread,,,,,,aug/mensa-rempartstrae_essen-1_aug0013.jpg
Mensafood Zucchini kofta; herb yoghurt dip; Greek farmer’s salad; flatbread,,,,,,aug/mensa-rempartstrae_essen-1_aug0014.jpg
Mensafood Zucchini kofta; herb yoghurt dip; Greek farmer’s salad; flatbread,,,,,,aug/mensa-rempartstrae_essen-1_aug0015.jpg
"Mensafood Pasta salad with olives, sun‑dried tomatoes and basil, served with wiener sausages or organic tofu mini‑sausages",,,,,,aug/mensa-rempartstrae_schneller-teller_aug0016.jpg
"Mensafood Pasta salad with olives, sun‑dried tomatoes and basil, served with wiener sausages or organic tofu mini‑sausages",,,,,,aug/mensa-rempartstrae_schneller-teller_aug0017.jpg
"Mensafood Pasta salad with olives, sun‑dried tomatoes and basil, served with wiener sausages or organic tofu mini‑sausages",,,,,,aug/mensa-rempartstrae_schneller-teller_aug0018.jpg
"Mensafood Pasta salad with olives, sun‑dried tomatoes and basil, served with wiener sausages or organic tofu mini‑sausages",,,,,,aug/mensa-rempartstrae_schneller-teller_aug0019.jpg
"Mensafood Hamburger TS with beef, cheese, tomato, lettuce; French fries",,,,,,aug/mensa-littenweiler_essen-2_aug0028.jpg
"Mensafood Hamburger TS with beef, cheese, tomato, lettuce; French fries",,,,,,aug/mensa-littenweiler_essen-2_aug0029.jpg
"Mensafood Hamburger TS with beef, cheese, tomato, lettuce; French fries",,,,,,aug/mensa-littenweiler_essen-2_aug0030.jpg
"Mensafood Hamburger TS with beef, cheese, tomato, lettuce; French fries",,,,,,aug/mensa-littenweiler_essen-2_aug0031.jpg
Mensafood Kaiserschmarrn (shredded pancake) with apple sauce,,,,,,aug/mensa-flugplatz_essen-1_aug0032.jpg
Mensafood Kaiserschmarrn (shredded pancake) with apple sauce,,,,,,aug/mensa-flugplatz_essen-1_aug0033.jpg
Mensafood Kaiserschmarrn (shredded pancake) with apple sauce,,,,,,aug/mensa-flugplatz_essen-1_aug0034.jpg
Mensafood Kaiserschmarrn (shredded pancake) with apple sauce,,,,,,aug/mensa-flugplatz_essen-1_aug0035.jpg
Mensafood Vegetable‑filled cannelloni with cheese crust; tomato sauce; herb pesto,,,,,,aug/mensa-rempartstrae_essen-1_aug0040.jpg
Mensafood Vegetable‑filled cannelloni with cheese crust; tomato sauce; herb pesto,,,,,,aug/mensa-rempartstrae_essen-1_aug0041.jpg
Mensafood Vegetable‑filled cannelloni with cheese crust; tomato sauce; herb pesto,,,,,,aug/mensa-rempartstrae_essen-1_aug0042.jpg
Mensafood Vegetable‑filled cannelloni with cheese crust; tomato sauce; herb pesto,,,,,,aug/mensa-rempartstrae_essen-1_aug0043.jpg
Mensafood Pan‑fried pork gyros; herb yoghurt dip; spiced Indian rice; carrot coleslaw,,,,,,aug/mensa-flugplatz_essen-2_aug0036.jpg
Mensafood Pan‑fried pork gyros; herb yoghurt dip; spiced Indian rice; carrot coleslaw,,,,,,aug/mensa-flugplatz_essen-2_aug0037.jpg
Mensafood Pan‑fried pork gyros; herb yoghurt dip; spiced Indian rice; carrot coleslaw,,,,,,aug/mensa-flugplatz_essen-2_aug0038.jpg
Mensafood Pan‑fried pork gyros; herb yoghurt dip; spiced Indian rice; carrot coleslaw,,,,,,aug/mensa-flugplatz_essen-2_aug0039.jpg
Mensafood Soy gyros; tzatziki; vegetable rice; carrot coleslaw,,,,,,aug/mensa-rempartstrae_tagesgericht_aug0044.jpg
Mensafood Soy gyros; tzatziki; vegetable rice; carrot coleslaw,,,,,,aug/mensa-rempartstrae_tagesgericht_aug0045.jpg
Mensafood Soy gyros; tzatziki; vegetable rice; carrot coleslaw,,,,,,aug/mensa-rempartstrae_tagesgericht_aug0046.jpg
Mensafood Soy gyros; tzatziki; vegetable rice; carrot coleslaw,,,,,,aug/mensa-rempartstrae_tagesgericht_aug0047.jpg
Mensafood Stuffed peppers; baked potato and sweet‑potato wedges; Spanish beans,,,,,,aug/mensa-flugplatz_essen-1_aug0052.jpg
Mensafood Stuffed peppers; baked potato and sweet‑potato wedges; Spanish beans,,,,,,aug/mensa-flugplatz_essen-1_aug0053.jpg
Mensafood Stuffed peppers; baked potato and sweet‑potato wedges; Spanish beans,,,,,,aug/mensa-flugplatz_essen-1_aug0054.jpg
Mensafood Stuffed peppers; baked potato and sweet‑potato wedges; Spanish beans,,,,,,aug/mensa-flugplatz_essen-1_aug0055.jpg
Mensafood Falafel with mango chutney; fried vegetable rice nasi goreng,,,,,,aug/mensa-flugplatz_essen-1_aug0060.jpg
Mensafood Falafel with mango chutney; fried vegetable rice nasi goreng,,,,,,aug/mensa-flugplatz_essen-1_aug0061.jpg
Mensafood Falafel with mango chutney; fried vegetable rice nasi goreng,,,,,,aug/mensa-flugplatz_essen-1_aug0062.jpg
Mensafood Falafel with mango chutney; fried vegetable rice nasi goreng,,,,,,aug/mensa-flugplatz_essen-1_aug0063.jpg
Mensafood Spicy vegetable coconut soup with organic tofu; baguette,,,,,,aug/mensa-institutsviertel_schneller-teller_aug0048.jpg
Mensafood Spicy vegetable coconut soup with organic tofu; baguette,,,,,,aug/mensa-institutsviertel_schneller-teller_aug0049.jpg
Mensafood Spicy vegetable coconut soup with organic tofu; baguette,,,,,,aug/mensa-institutsviertel_schneller-teller_aug0050.jpg
Mensafood Spicy vegetable coconut soup with organic tofu; baguette,,,,,,aug/mensa-institutsviertel_schneller-teller_aug0051.jpg
Mensafood Superfood salad with organic smoked tofu,,,,,,aug/mensa-institutsviertel_schneller-teller_aug0056.jpg
Mensafood Superfood salad with organic smoked tofu,,,,,,aug/mensa-institutsviertel_schneller-teller_aug0057.jpg
Mensafood Superfood salad with organic smoked tofu,,,,,,aug/mensa-institutsviertel_schneller-teller_aug0058.jpg
Mensafood Superfood salad with organic smoked tofu,,,,,,aug/mensa-institutsviertel_schneller-teller_aug0059.jpg
Mensafood Miso soup (vegetarian and with meat options); baguette,,,,,,aug/mensa-flugplatz_essen-3_aug0076.jpg
Mensafood Miso soup (vegetarian and with meat options); baguette,,,,,,aug/mensa-flugplatz_essen-3_aug0077.jpg
Mensafood Miso soup (vegetarian and with meat options); baguette,,,,,,aug/mensa-flugplatz_essen-3_aug0078.jpg
Mensafood Miso soup (vegetarian and with meat options); baguette,,,,,,aug/mensa-flugplatz_essen-3_aug0079.jpg
Mensafood Thick‑cut fries with pulled pork or Planted™ pulled BBQ; ranch dip; carrot coleslaw,,,,,,aug/mensa-rempartstrae_wochenangebot_aug0068.jpg
Mensafood Thick‑cut fries with pulled pork or Planted™ pulled BBQ; ranch dip; carrot coleslaw,,,,,,aug/mensa-rempartstrae_wochenangebot_aug0069.jpg
Mensafood Thick‑cut fries with pulled pork or Planted™ pulled BBQ; ranch dip; carrot coleslaw,,,,,,aug/mensa-rempartstrae_wochenangebot_aug0070.jpg
Mensafood Thick‑cut fries with pulled pork or Planted™ pulled BBQ; ranch dip; carrot coleslaw,,,,,,aug/mensa-rempartstrae_wochenangebot_aug0071.jpg
Mensafood Swiss‑chard and lentil curry with lemon leaves; basmati rice; naan bread,,,,,,aug/mensa-rempartstrae_essen-1_aug0064.jpg
Mensafood Swiss‑chard and lentil curry with lemon leaves; basmati rice; naan bread,,,,,,aug/mensa-rempartstrae_essen-1_aug0065.jpg
Mensafood Swiss‑chard and lentil curry with lemon leaves; basmati rice; naan bread,,,,,,aug/mensa-rempartstrae_essen-1_aug0066.jpg
Mensafood Swiss‑chard and lentil curry with lemon leaves; basmati rice; naan bread,,,,,,aug/mensa-rempartstrae_essen-1_aug0067.jpg
Mensafood Rigatoni with asparagus vegetable ragout; herb pesto; grated hard cheese,,,,,,aug/mensa-flugplatz_essen-1_aug0072.jpg
Mensafood Rigatoni with asparagus vegetable ragout; herb pesto; grated hard cheese,,,,,,aug/mensa-flugplatz_essen-1_aug0073.jpg
Mensafood Rigatoni with asparagus vegetable ragout; herb pesto; grated hard cheese,,,,,,aug/mensa-flugplatz_essen-1_aug0074.jpg
Mensafood Rigatoni with asparagus vegetable ragout; herb pesto; grated hard cheese,,,,,,aug/mensa-flugplatz_essen-1_aug0075.jpg
Mensafood Ravioli filled with ricotta and spinach; pesto; pearl‑barley risotto; sheep’s cheese topping; leafy salad,,,,,,aug/mensa-rempartstrae_essen-2_aug0080.jpg
Mensafood Ravioli filled with ricotta and spinach; pesto; pearl‑barley risotto; sheep’s cheese topping; leafy salad,,,,,,aug/mensa-rempartstrae_essen-2_aug0081.jpg
Mensafood Ravioli filled with ricotta and spinach; pesto; pearl‑barley risotto; sheep’s cheese topping; leafy salad,,,,,,aug/mensa-rempartstrae_essen-2_aug0082.jpg
Mensafood Ravioli filled with ricotta and spinach; pesto; pearl‑barley risotto; sheep’s cheese topping; leafy salad,,,,,,aug/mensa-rempartstrae_essen-2_aug0083.jpg
Mensafood Mango‑wheat tabbouleh with herbs; harissa dip; baguette,,,,,,aug/mensa-rempartstrae_schneller-teller_aug0084.jpg
Mensafood Mango‑wheat tabbouleh with herbs; harissa dip; baguette,,,,,,aug/mensa-rempartstrae_schneller-teller_aug0085.jpg
Mensafood Mango‑wheat tabbouleh with herbs; harissa dip; baguette,,,,,,aug/mensa-rempartstrae_schneller-teller_aug0086.jpg
Mensafood Mango‑wheat tabbouleh with herbs; harissa dip; baguette,,,,,,aug/mensa-rempartstrae_schneller-teller_aug0087.jpg
Mensafood Vegetable‑filled cannelloni with cheese crust; tomato sauce; parsley pesto,,,,,,aug/mensa-flugplatz_essen-1_aug0092.jpg
Mensafood Vegetable‑filled cannelloni with cheese crust; tomato sauce; parsley pesto,,,,,,aug/mensa-flugplatz_essen-1_aug0093.jpg
Mensafood Vegetable‑filled cannelloni with cheese crust; tomato sauce; parsley pesto,,,,,,aug/mensa-flugplatz_essen-1_aug0094.jpg
Mensafood Vegetable‑filled cannelloni with cheese crust; tomato sauce; parsley pesto,,,,,,aug/mensa-flugplatz_essen-1_aug0095.jpg
"Mensafood Lemon‑herb noodles with tomatoes, rocket and basil; organic smoked tofu; tomato sugo; parsley pesto",,,,,,aug/mensa-littenweiler_essen-1_aug0088.jpg
"Mensafood Lemon‑herb noodles with tomatoes, rocket and basil; organic smoked tofu; tomato sugo; parsley pesto",,,,,,aug/mensa-littenweiler_essen-1_aug0089.jpg
"Mensafood Lemon‑herb noodles with tomatoes, rocket and basil; organic smoked tofu; tomato sugo; parsley pesto",,,,,,aug/mensa-littenweiler_essen-1_aug0090.jpg
"Mensafood Lemon‑herb noodles with tomatoes, rocket and basil; organic smoked tofu; tomato sugo; parsley pesto",,,,,,aug/mensa-littenweiler_essen-1_aug0091.jpg
Mensafood Zucchini‑ricotta balls; red pepper ragout; pasta risotto,,,,,,aug/mensa-rempartstrae_essen-1_aug0096.jpg
Mensafood Zucchini‑ricotta balls; red pepper ragout; pasta risotto,,,,,,aug/mensa-rempartstrae_essen-1_aug0097.jpg
Mensafood Zucchini‑ricotta balls; red pepper ragout; pasta risotto,,,,,,aug/mensa-rempartstrae_essen-1_aug0098.jpg
Mensafood Zucchini‑ricotta balls; red pepper ragout; pasta risotto,,,,,,aug/mensa-rempartstrae_essen-1_aug0099.jpg
Mensafood Mixed salad plate; cream cheese spread; baguette,,,,,,aug/mensa-flugplatz_essen-1_aug0124.jpg
Mensafood Mixed salad plate; cream cheese spread; baguette,,,,,,aug/mensa-flugplatz_essen-1_aug0125.jpg
Mensafood Mixed salad plate; cream cheese spread; baguette,,,,,,aug/mensa-flugplatz_essen-1_aug0126.jpg
Mensafood Mixed salad plate; cream cheese spread; baguette,,,,,,aug/mensa-flugplatz_essen-1_aug0127.jpg
Mensafood Vegan filet strips; hummus; vegetable salad; flatbread,,,,,,aug/mensa-rempartstrae_tagesgericht_aug0104.jpg
Mensafood Vegan filet strips; hummus; vegetable salad; flatbread,,,,,,aug/mensa-rempartstrae_tagesgericht_aug0105.jpg
Mensafood Vegan filet strips; hummus; vegetable salad; flatbread,,,,,,aug/mensa-rempartstrae_tagesgericht_aug0106.jpg
Mensafood Vegan filet strips; hummus; vegetable salad; flatbread,,,,,,aug/mensa-rempartstrae_tagesgericht_aug0107.jpg
Mensafood Spaghetti with wheat‑vegetable Bolognese,,,,,,aug/mensa-littenweiler_essen-1_aug0120.jpg
Mensafood Spaghetti with wheat‑vegetable Bolognese,,,,,,aug/mensa-littenweiler_essen-1_aug0121.jpg
Mensafood Spaghetti with wheat‑vegetable Bolognese,,,,,,aug/mensa-littenweiler_essen-1_aug0122.jpg
Mensafood Spaghetti with wheat‑vegetable Bolognese,,,,,,aug/mensa-littenweiler_essen-1_aug0123.jpg
Mensafood Turkey‑zucchini kofta; lentil rice with crispy onions; yoghurt sauce; tomato‑cucumber salad,,,,,,aug/mensa-rempartstrae_essen-2_aug0100.jpg
Mensafood Turkey‑zucchini kofta; lentil rice with crispy onions; yoghurt sauce; tomato‑cucumber salad,,,,,,aug/mensa-rempartstrae_essen-2_aug0101.jpg
Mensafood Turkey‑zucchini kofta; lentil rice with crispy onions; yoghurt sauce; tomato‑cucumber salad,,,,,,aug/mensa-rempartstrae_essen-2_aug0102.jpg
Mensafood Turkey‑zucchini kofta; lentil rice with crispy onions; yoghurt sauce; tomato‑cucumber salad,,,,,,aug/mensa-rempartstrae_essen-2_aug0103.jpg
Mensafood Miso soup (vegetarian or with meat); baguette,,,,,,aug/mensa-institutsviertel_essen-3_aug0108.jpg
Mensafood Miso soup (vegetarian or with meat); baguette,,,,,,aug/mensa-institutsviertel_essen-3_aug0109.jpg
Mensafood Miso soup (vegetarian or with meat); baguette,,,,,,aug/mensa-institutsviertel_essen-3_aug0110.jpg
Mensafood Miso soup (vegetarian or with meat); baguette,,,,,,aug/mensa-institutsviertel_essen-3_aug0111.jpg
Mensafood Potato pancakes with pea guacamole; herb yoghurt dip,,,,,,aug/mensa-institutsviertel_abendessen-1_aug0116.jpg
Mensafood Potato pancakes with pea guacamole; herb yoghurt dip,,,,,,aug/mensa-institutsviertel_abendessen-1_aug0117.jpg
Mensafood Potato pancakes with pea guacamole; herb yoghurt dip,,,,,,aug/mensa-institutsviertel_abendessen-1_aug0118.jpg
Mensafood Potato pancakes with pea guacamole; herb yoghurt dip,,,,,,aug/mensa-institutsviertel_abendessen-1_aug0119.jpg
Mensafood Mango‑wheat tabbouleh with herbs; avocado dip; seeded baguette,,,,,,aug/mensa-institutsviertel_schneller-teller_aug0112.jpg
Mensafood Mango‑wheat tabbouleh with herbs; avocado dip; seeded baguette,,,,,,aug/mensa-institutsviertel_schneller-teller_aug0113.jpg
Mensafood Mango‑wheat tabbouleh with herbs; avocado dip; seeded baguette,,,,,,aug/mensa-institutsviertel_schneller-teller_aug0114.jpg
Mensafood Mango‑wheat tabbouleh with herbs; avocado dip; seeded baguette,,,,,,aug/mensa-institutsviertel_schneller-teller_aug0115.jpg
Mensafood Poultry pan gyros; yoghurt‑cucumber dip; French fries; white‑cabbage carrot salad,,,,,,aug/mensa-flugplatz_essen-2_aug0128.jpg
Mensafood Poultry pan gyros; yoghurt‑cucumber dip; French fries; white‑cabbage carrot salad,,,,,,aug/mensa-flugplatz_essen-2_aug0129.jpg
Mensafood Poultry pan gyros; yoghurt‑cucumber dip; French fries; white‑cabbage carrot salad,,,,,,aug/mensa-flugplatz_essen-2_aug0130.jpg
Mensafood Poultry pan gyros; yoghurt‑cucumber dip; French fries; white‑cabbage carrot salad,,,,,,aug/mensa-flugplatz_essen-2_aug0131.jpg
"Mensafood Mixed salad with tomato, mozzarella and basil; baguette",,,,,,aug/mensa-rempartstrae_tagesgericht_aug0144.jpg
"Mensafood Mixed salad with tomato, mozzarella and basil; baguette",,,,,,aug/mensa-rempartstrae_tagesgericht_aug0145.jpg
"Mensafood Mixed salad with tomato, mozzarella and basil; baguette",,,,,,aug/mensa-rempartstrae_tagesgericht_aug0146.jpg
"Mensafood Mixed salad with tomato, mozzarella and basil; baguette",,,,,,aug/mensa-rempartstrae_tagesgericht_aug0147.jpg
Mensafood Lentil Bolognese with spaghetti; rocket pesto; grated hard cheese,,,,,,aug/mensa-flugplatz_essen-1_aug0136.jpg
Mensafood Lentil Bolognese with spaghetti; rocket pesto; grated hard cheese,,,,,,aug/mensa-flugplatz_essen-1_aug0137.jpg
Mensafood Lentil Bolognese with spaghetti; rocket pesto; grated hard cheese,,,,,,aug/mensa-flugplatz_essen-1_aug0138.jpg
Mensafood Lentil Bolognese with spaghetti; rocket pesto; grated hard cheese,,,,,,aug/mensa-flugplatz_essen-1_aug0139.jpg
Mensafood Rice pudding with peach compote and cinnamon sugar,,,,,,aug/mensa-flugplatz_essen-3_aug0148.jpg
Mensafood Rice pudding with peach compote and cinnamon sugar,,,,,,aug/mensa-flugplatz_essen-3_aug0149.jpg
Mensafood Rice pudding with peach compote and cinnamon sugar,,,,,,aug/mensa-flugplatz_essen-3_aug0150.jpg
Mensafood Rice pudding with peach compote and cinnamon sugar,,,,,,aug/mensa-flugplatz_essen-3_aug0151.jpg
"Mensafood Falafel quinoa bowl with organic hummus, mojo dip, baked sweet potatoes, cauliflower salad, soy beans and cranberry red‑cabbage salad",,,,,,aug/mensa-rempartstrae_tagesgericht_aug0132.jpg
"Mensafood Falafel quinoa bowl with organic hummus, mojo dip, baked sweet potatoes, cauliflower salad, soy beans and cranberry red‑cabbage salad",,,,,,aug/mensa-rempartstrae_tagesgericht_aug0133.jpg
"Mensafood Falafel quinoa bowl with organic hummus, mojo dip, baked sweet potatoes, cauliflower salad, soy beans and cranberry red‑cabbage salad",,,,,,aug/mensa-rempartstrae_tagesgericht_aug0134.jpg
"Mensafood Falafel quinoa bowl with organic hummus, mojo dip, baked sweet potatoes, cauliflower salad, soy beans and cranberry red‑cabbage salad",,,,,,aug/mensa-rempartstrae_tagesgericht_aug0135.jpg
Mensafood Vegetable gnocchi pan with pink sauce; sheep’s cheese topping,,,,,,aug/mensa-rempartstrae_essen-1_aug0156.jpg
Mensafood Vegetable gnocchi pan with pink sauce; sheep’s cheese topping,,,,,,aug/mensa-rempartstrae_essen-1_aug0157.jpg
Mensafood Vegetable gnocchi pan with pink sauce; sheep’s cheese topping,,,,,,aug/mensa-rempartstrae_essen-1_aug0158.jpg
Mensafood Vegetable gnocchi pan with pink sauce; sheep’s cheese topping,,,,,,aug/mensa-rempartstrae_essen-1_aug0159.jpg
Mensafood Tortellini filled with ricotta and spinach in lemon‑wild‑garlic sauce; burst tomatoes,,,,,,aug/mensa-rempartstrae_essen-1_aug0140.jpg
Mensafood Tortellini filled with ricotta and spinach in lemon‑wild‑garlic sauce; burst tomatoes,,,,,,aug/mensa-rempartstrae_essen-1_aug0141.jpg
Mensafood Tortellini filled with ricotta and spinach in lemon‑wild‑garlic sauce; burst tomatoes,,,,,,aug/mensa-rempartstrae_essen-1_aug0142.jpg
Mensafood Tortellini filled with ricotta and spinach in lemon‑wild‑garlic sauce; burst tomatoes,,,,,,aug/mensa-rempartstrae_essen-1_aug0143.jpg
"Mensafood Thick‑cut fries with chilli con carne, garlic oil, chilli oil and grated mozzarella",,,,,,aug/mensa-flugplatz_wochenangebot_aug0152.jpg
"Mensafood Thick‑cut fries with chilli con carne, garlic oil, chilli oil and grated mozzarella",,,,,,aug/mensa-flugplatz_wochenangebot_aug0153.jpg
"Mensafood Thick‑cut fries with chilli con carne, garlic oil, chilli oil and grated mozzarella",,,,,,aug/mensa-flugplatz_wochenangebot_aug0154.jpg
"Mensafood Thick‑cut fries with chilli con carne, garlic oil, chilli oil and grated mozzarella",,,,,,aug/mensa-flugplatz_wochenangebot_aug0155.jpg
Mensafood Älpler macaroni with organic smoked tofu and tomato sauce; rice pudding made with cow’s milk available as a refill,,,,,,aug/mensa-rempartstrae_schneller-teller_aug0160.jpg
Mensafood Älpler macaroni with organic smoked tofu and tomato sauce; rice pudding made with cow’s milk available as a refill,,,,,,aug/mensa-rempartstrae_schneller-teller_aug0161.jpg
Mensafood Älpler macaroni with organic smoked tofu and tomato sauce; rice pudding made with cow’s milk available as a refill,,,,,,aug/mensa-rempartstrae_schneller-teller_aug0162.jpg
Mensafood Älpler macaroni with organic smoked tofu and tomato sauce; rice pudding made with cow’s milk available as a refill,,,,,,aug/mensa-rempartstrae_schneller-teller_aug0163.jpg
Mensafood Thick‑cut fries with surprise topping,,,,,,aug/mensa-institutsviertel_abendessen-1_aug0164.jpg
Mensafood Thick‑cut fries with surprise topping,,,,,,aug/mensa-institutsviertel_abendessen-1_aug0165.jpg
Mensafood Thick‑cut fries with surprise topping,,,,,,aug/mensa-institutsviertel_abendessen-1_aug0166.jpg
Mensafood Thick‑cut fries with surprise topping,,,,,,aug/mensa-institutsviertel_abendessen-1_aug0167.jpg
Mensafood Stuffed peppers; lattice potatoes; Spanish beans,,,,,,aug/mensa-rempartstrae_essen-1_aug0176.jpg
Mensafood Stuffed peppers; lattice potatoes; Spanish beans,,,,,,aug/mensa-rempartstrae_essen-1_aug0177.jpg
Mensafood Stuffed peppers; lattice potatoes; Spanish beans,,,,,,aug/mensa-rempartstrae_essen-1_aug0178.jpg
Mensafood Stuffed peppers; lattice potatoes; Spanish beans,,,,,,aug/mensa-rempartstrae_essen-1_aug0179.jpg
Mensafood Chicken burger; avocado dip; rissolé potatoes,,,,,,aug/mensa-flugplatz_essen-2_aug0172.jpg
Mensafood Chicken burger; avocado dip; rissolé potatoes,,,,,,aug/mensa-flugplatz_essen-2_aug0173.jpg
Mensafood Chicken burger; avocado dip; rissolé potatoes,,,,,,aug/mensa-flugplatz_essen-2_aug0174.jpg
Mensafood Chicken burger; avocado dip; rissolé potatoes,,,,,,aug/mensa-flugplatz_essen-2_aug0175.jpg
Mensafood Potato pancakes with apple sauce,,,,,,aug/mensa-flugplatz_essen-1_aug0184.jpg
Mensafood Potato pancakes with apple sauce,,,,,,aug/mensa-flugplatz_essen-1_aug0185.jpg
Mensafood Potato pancakes with apple sauce,,,,,,aug/mensa-flugplatz_essen-1_aug0186.jpg
Mensafood Potato pancakes with apple sauce,,,,,,aug/mensa-flugplatz_essen-1_aug0187.jpg
Mensafood Grönsaksbullar (vegetable meatballs) with tomato ragout; herb cheese spaetzle,,,,,,aug/mensa-flugplatz_essen-2_aug0188.jpg
Mensafood Grönsaksbullar (vegetable meatballs) with tomato ragout; herb cheese spaetzle,,,,,,aug/mensa-flugplatz_essen-2_aug0189.jpg
Mensafood Grönsaksbullar (vegetable meatballs) with tomato ragout; herb cheese spaetzle,,,,,,aug/mensa-flugplatz_essen-2_aug0190.jpg
Mensafood Grönsaksbullar (vegetable meatballs) with tomato ragout; herb cheese spaetzle,,,,,,aug/mensa-flugplatz_essen-2_aug0191.jpg
Mensafood Saag Dhansak – spinach and lentil curry; basmati rice; yoghurt dip; baguette,,,,,,aug/mensa-flugplatz_essen-1_aug0168.jpg
Mensafood Saag Dhansak – spinach and lentil curry; basmati rice; yoghurt dip; baguette,,,,,,aug/mensa-flugplatz_essen-1_aug0169.jpg
Mensafood Saag Dhansak – spinach and lentil curry; basmati rice; yoghurt dip; baguette,,,,,,aug/mensa-flugplatz_essen-1_aug0170.jpg
Mensafood Saag Dhansak – spinach and lentil curry; basmati rice; yoghurt dip; baguette,,,,,,aug/mensa-flugplatz_essen-1_aug0171.jpg
Mensafood Pancake with julienned vegetables; asparagus vegetable ragout,,,,,,aug/mensa-institutsviertel_schneller-teller_aug0180.jpg
Mensafood Pancake with julienned vegetables; asparagus vegetable ragout,,,,,,aug/mensa-institutsviertel_schneller-teller_aug0181.jpg
Mensafood Pancake with julienned vegetables; asparagus vegetable ragout,,,,,,aug/mensa-institutsviertel_schneller-teller_aug0182.jpg
Mensafood Pancake with julienned vegetables; asparagus vegetable ragout,,,,,,aug/mensa-institutsviertel_schneller-teller_aug0183.jpg
Mensafood Vegetable lasagne with olives and sheep’s cheese; pesto,,,,,,aug/mensa-rempartstrae_tagesgericht_aug0192.jpg
Mensafood Vegetable lasagne with olives and sheep’s cheese; pesto,,,,,,aug/mensa-rempartstrae_tagesgericht_aug0193.jpg
Mensafood Vegetable lasagne with olives and sheep’s cheese; pesto,,,,,,aug/mensa-rempartstrae_tagesgericht_aug0194.jpg
Mensafood Vegetable lasagne with olives and sheep’s cheese; pesto,,,,,,aug/mensa-rempartstrae_tagesgericht_aug0195.jpg
Mensafood Spaghetti with vegetable Bolognese; pesto; grated hard cheese,,,,,,aug/mensa-flugplatz_essen-1_aug0200.jpg
Mensafood Spaghetti with vegetable Bolognese; pesto; grated hard cheese,,,,,,aug/mensa-flugplatz_essen-1_aug0201.jpg
Mensafood Spaghetti with vegetable Bolognese; pesto; grated hard cheese,,,,,,aug/mensa-flugplatz_essen-1_aug0202.jpg
Mensafood Spaghetti with vegetable Bolognese; pesto; grated hard cheese,,,,,,aug/mensa-flugplatz_essen-1_aug0203.jpg
Mensafood Italian pasta bake with vegetables; tomato sauce; herb pesto,,,,,,aug/mensa-flugplatz_essen-1_aug0212.jpg
Mensafood Italian pasta bake with vegetables; tomato sauce; herb pesto,,,,,,aug/mensa-flugplatz_essen-1_aug0213.jpg
Mensafood Italian pasta bake with vegetables; tomato sauce; herb pesto,,,,,,aug/mensa-flugplatz_essen-1_aug0214.jpg
Mensafood Italian pasta bake with vegetables; tomato sauce; herb pesto,,,,,,aug/mensa-flugplatz_essen-1_aug0215.jpg
Mensafood Aglio spaghetti with sun‑dried tomatoes,,,,,,aug/mensa-institutsviertel_schneller-teller_aug0196.jpg
Mensafood Aglio spaghetti with sun‑dried tomatoes,,,,,,aug/mensa-institutsviertel_schneller-teller_aug0197.jpg
Mensafood Aglio spaghetti with sun‑dried tomatoes,,,,,,aug/mensa-institutsviertel_schneller-teller_aug0198.jpg
Mensafood Aglio spaghetti with sun‑dried tomatoes,,,,,,aug/mensa-institutsviertel_schneller-teller_aug0199.jpg
Mensafood Fried organic tofu with tomato‑ginger chutney; Thai‑style noodles,,,,,,aug/mensa-rempartstrae_essen-1_aug0208.jpg
Mensafood Fried organic tofu with tomato‑ginger chutney; Thai‑style noodles,,,,,,aug/mensa-rempartstrae_essen-1_aug0209.jpg
Mensafood Fried organic tofu with tomato‑ginger chutney; Thai‑style noodles,,,,,,aug/mensa-rempartstrae_essen-1_aug0210.jpg
Mensafood Fried organic tofu with tomato‑ginger chutney; Thai‑style noodles,,,,,,aug/mensa-rempartstrae_essen-1_aug0211.jpg
Mensafood Bernese‑style minced steak with pepper cream sauce; mashed potatoes; carrot‑pea vegetables,,,,,,aug/mensa-flugplatz_essen-2_aug0204.jpg
Mensafood Bernese‑style minced steak with pepper cream sauce; mashed potatoes; carrot‑pea vegetables,,,,,,aug/mensa-flugplatz_essen-2_aug0205.jpg
Mensafood Bernese‑style minced steak with pepper cream sauce; mashed potatoes; carrot‑pea vegetables,,,,,,aug/mensa-flugplatz_essen-2_aug0206.jpg
Mensafood Bernese‑style minced steak with pepper cream sauce; mashed potatoes; carrot‑pea vegetables,,,,,,aug/mensa-flugplatz_essen-2_aug0207.jpg
Mensafood Vegetarian sliced “meat” in creamy mushroom sauce; potato rösti; colourful pan‑fried vegetables,,,,,,aug/mensa-rempartstrae_essen-1_aug0216.jpg
Mensafood Vegetarian sliced “meat” in creamy mushroom sauce; potato rösti; colourful pan‑fried vegetables,,,,,,aug/mensa-rempartstrae_essen-1_aug0217.jpg
Mensafood Vegetarian sliced “meat” in creamy mushroom sauce; potato rösti; colourful pan‑fried vegetables,,,,,,aug/mensa-rempartstrae_essen-1_aug0218.jpg
Mensafood Vegetarian sliced “meat” in creamy mushroom sauce; potato rösti; colourful pan‑fried vegetables,,,,,,aug/mensa-rempartstrae_essen-1_aug0219.jpg
Mensafood Spaghetti Bolognese with organic beef; grated hard cheese,,,,,,aug/mensa-rempartstrae_essen-2_aug0220.jpg
Mensafood Spaghetti Bolognese with organic beef; grated hard cheese,,,,,,aug/mensa-rempartstrae_essen-2_aug0221.jpg
Mensafood Spaghetti Bolognese with organic beef; grated hard cheese,,,,,,aug/mensa-rempartstrae_essen-2_aug0222.jpg
Mensafood Spaghetti Bolognese with organic beef; grated hard cheese,,,,,,aug/mensa-rempartstrae_essen-2_aug0223.jpg
Mensafood Texas skillet with soy strips and red beans; paprika dip; country potatoes,,,,,,aug/mensa-rempartstrae_essen-1_aug0224.jpg
Mensafood Texas skillet with soy strips and red beans; paprika dip; country potatoes,,,,,,aug/mensa-rempartstrae_essen-1_aug0225.jpg
Mensafood Texas skillet with soy strips and red beans; paprika dip; country potatoes,,,,,,aug/mensa-rempartstrae_essen-1_aug0226.jpg
Mensafood Texas skillet with soy strips and red beans; paprika dip; country potatoes,,,,,,aug/mensa-rempartstrae_essen-1_aug0227.jpg
Mensafood Köttbullar with cranberry sauce; rissolé potatoes; leafy salad,,,,,,aug/mensa-rempartstrae_essen-2_aug0228.jpg
Mensafood Köttbullar with cranberry sauce; rissolé potatoes; leafy salad,,,,,,aug/mensa-rempartstrae_essen-2_aug0229.jpg
Mensafood Köttbullar with cranberry sauce; rissolé potatoes; leafy salad,,,,,,aug/mensa-rempartstrae_essen-2_aug0230.jpg
Mensafood Köttbullar with cranberry sauce; rissolé potatoes; leafy salad,,,,,,aug/mensa-rempartstrae_essen-2_aug0231.jpg
Mensafood Thai curry with vegetables and soy; basmati rice; peanuts,,,,,,aug/mensa-rempartstrae_essen-1_aug0240.jpg
Mensafood Thai curry with vegetables and soy; basmati rice; peanuts,,,,,,aug/mensa-rempartstrae_essen-1_aug0241.jpg
Mensafood Thai curry with vegetables and soy; basmati rice; peanuts,,,,,,aug/mensa-rempartstrae_essen-1_aug0242.jpg
Mensafood Thai curry with vegetables and soy; basmati rice; peanuts,,,,,,aug/mensa-rempartstrae_essen-1_aug0243.jpg
Mensafood Breaded pork schnitzel or vegetable schnitzel; roast gravy; French fries,,,,,,aug/mensa-flugplatz_wochenangebot_aug0236.jpg
Mensafood Breaded pork schnitzel or vegetable schnitzel; roast gravy; French fries,,,,,,aug/mensa-flugplatz_wochenangebot_aug0237.jpg
Mensafood Breaded pork schnitzel or vegetable schnitzel; roast gravy; French fries,,,,,,aug/mensa-flugplatz_wochenangebot_aug0238.jpg
Mensafood Breaded pork schnitzel or vegetable schnitzel; roast gravy; French fries,,,,,,aug/mensa-flugplatz_wochenangebot_aug0239.jpg
"Mensafood Pasta “Tonno” with vegan tuna, tomatoes, vegetables and olives",,,,,,aug/mensa-rempartstrae_tagesgericht_aug0244.jpg
"Mensafood Pasta “Tonno” with vegan tuna, tomatoes, vegetables and olives",,,,,,aug/mensa-rempartstrae_tagesgericht_aug0245.jpg
"Mensafood Pasta “Tonno” with vegan tuna, tomatoes, vegetables and olives",,,,,,aug/mensa-rempartstrae_tagesgericht_aug0246.jpg
"Mensafood Pasta “Tonno” with vegan tuna, tomatoes, vegetables and olives",,,,,,aug/mensa-rempartstrae_tagesgericht_aug0247.jpg
"Mensafood Thick‑cut fries with vegetable‑soy Bolognese, chilli‑pepper cream, tomatoes, rocket and grated cheese",,,,,,aug/mensa-rempartstrae_wochenangebot_aug0248.jpg
"Mensafood Thick‑cut fries with vegetable‑soy Bolognese, chilli‑pepper cream, tomatoes, rocket and grated cheese",,,,,,aug/mensa-rempartstrae_wochenangebot_aug0249.jpg
"Mensafood Thick‑cut fries with vegetable‑soy Bolognese, chilli‑pepper cream, tomatoes, rocket and grated cheese",,,,,,aug/mensa-rempartstrae_wochenangebot_aug0250.jpg
"Mensafood Thick‑cut fries with vegetable‑soy Bolognese, chilli‑pepper cream, tomatoes, rocket and grated cheese",,,,,,aug/mensa-rempartstrae_wochenangebot_aug0251.jpg
"Mensafood Mediterranean pasta salad with mozzarella, olives, sun‑dried tomatoes and basil; leafy salad; baguette",,,,,,aug/mensa-flugplatz_essen-1_aug0252.jpg
"Mensafood Mediterranean pasta salad with mozzarella, olives, sun‑dried tomatoes and basil; leafy salad; baguette",,,,,,aug/mensa-flugplatz_essen-1_aug0253.jpg
"Mensafood Mediterranean pasta salad with mozzarella, olives, sun‑dried tomatoes and basil; leafy salad; baguette",,,,,,aug/mensa-flugplatz_essen-1_aug0254.jpg
"Mensafood Mediterranean pasta salad with mozzarella, olives, sun‑dried tomatoes and basil; leafy salad; baguette",,,,,,aug/mensa-flugplatz_essen-1_aug0255.jpg
Mensafood Rice pudding with pear compote and cinnamon sugar,,,,,,aug/mensa-flugplatz_essen-3_aug0232.jpg
Mensafood Rice pudding with pear compote and cinnamon sugar,,,,,,aug/mensa-flugplatz_essen-3_aug0233.jpg
Mensafood Rice pudding with pear compote and cinnamon sugar,,,,,,aug/mensa-flugplatz_essen-3_aug0234.jpg
Mensafood Rice pudding with pear compote and cinnamon sugar,,,,,,aug/mensa-flugplatz_essen-3_aug0235.jpg
Mensafood Organic asparagus spears with white sauce; vegetable schnitzel; new potatoes,,,,,,aug/mensa-flugplatz_essen-1_aug0264.jpg
Mensafood Organic asparagus spears with white sauce; vegetable schnitzel; new potatoes,,,,,,aug/mensa-flugplatz_essen-1_aug0265.jpg
Mensafood Organic asparagus spears with white sauce; vegetable schnitzel; new potatoes,,,,,,aug/mensa-flugplatz_essen-1_aug0266.jpg
Mensafood Organic asparagus spears with white sauce; vegetable schnitzel; new potatoes,,,,,,aug/mensa-flugplatz_essen-1_aug0267.jpg
Mensafood Almond‑tofu ragout with mushrooms; homemade spaetzle,,,,,,aug/mensa-rempartstrae_essen-1_aug0268.jpg
Mensafood Almond‑tofu ragout with mushrooms; homemade spaetzle,,,,,,aug/mensa-rempartstrae_essen-1_aug0269.jpg
Mensafood Almond‑tofu ragout with mushrooms; homemade spaetzle,,,,,,aug/mensa-rempartstrae_essen-1_aug0270.jpg
Mensafood Almond‑tofu ragout with mushrooms; homemade spaetzle,,,,,,aug/mensa-rempartstrae_essen-1_aug0271.jpg
Mensafood Pork steak with herb butter; yoghurt‑cucumber dip; French fries; white‑cabbage carrot salad,,,,,,aug/mensa-flugplatz_essen-2_aug0260.jpg
Mensafood Pork steak with herb butter; yoghurt‑cucumber dip; French fries; white‑cabbage carrot salad,,,,,,aug/mensa-flugplatz_essen-2_aug0261.jpg
Mensafood Pork steak with herb butter; yoghurt‑cucumber dip; French fries; white‑cabbage carrot salad,,,,,,aug/mensa-flugplatz_essen-2_aug0262.jpg
Mensafood Pork steak with herb butter; yoghurt‑cucumber dip; French fries; white‑cabbage carrot salad,,,,,,aug/mensa-flugplatz_essen-2_aug0263.jpg
Mensafood Swiss‑chard and lentil curry with lemon leaves; basmati rice; cucumber dip; naan bread,,,,,,aug/mensa-flugplatz_essen-1_aug0256.jpg
Mensafood Swiss‑chard and lentil curry with lemon leaves; basmati rice; cucumber dip; naan bread,,,,,,aug/mensa-flugplatz_essen-1_aug0257.jpg
Mensafood Swiss‑chard and lentil curry with lemon leaves; basmati rice; cucumber dip; naan bread,,,,,,aug/mensa-flugplatz_essen-1_aug0258.jpg
Mensafood Swiss‑chard and lentil curry with lemon leaves; basmati rice; cucumber dip; naan bread,,,,,,aug/mensa-flugplatz_essen-1_aug0259.jpg
Mensafood Potato dumplings with cream sauce,,,,,,aug/mensa-institutsviertel_abendessen-1_aug0272.jpg
Mensafood Potato dumplings with cream sauce,,,,,,aug/mensa-institutsviertel_abendessen-1_aug0273.jpg
Mensafood Potato dumplings with cream sauce,,,,,,aug/mensa-institutsviertel_abendessen-1_aug0274.jpg
Mensafood Potato dumplings with cream sauce,,,,,,aug/mensa-institutsviertel_abendessen-1_aug0275.jpg
Mensafood Crispy chicken schnitzel with tomato sauce; fusilli,,,,,,aug/mensa-rempartstrae_essen-2_aug0276.jpg
Mensafood Crispy chicken schnitzel with tomato sauce; fusilli,,,,,,aug/mensa-rempartstrae_essen-2_aug0277.jpg
Mensafood Crispy chicken schnitzel with tomato sauce; fusilli,,,,,,aug/mensa-rempartstrae_essen-2_aug0278.jpg
Mensafood Crispy chicken schnitzel with tomato sauce; fusilli,,,,,,aug/mensa-rempartstrae_essen-2_aug0279.jpg
Mensafood Coalfish fillet in herb marinade; lemon cream; potato rösti; pea purée,,,,,,aug/mensa-rempartstrae_essen-2_aug0284.jpg
Mensafood Coalfish fillet in herb marinade; lemon cream; potato rösti; pea purée,,,,,,aug/mensa-rempartstrae_essen-2_aug0285.jpg
Mensafood Coalfish fillet in herb marinade; lemon cream; potato rösti; pea purée,,,,,,aug/mensa-rempartstrae_essen-2_aug0286.jpg
Mensafood Coalfish fillet in herb marinade; lemon cream; potato rösti; pea purée,,,,,,aug/mensa-rempartstrae_essen-2_aug0287.jpg
Mensafood Beetroot dumplings with feta cheese; feta risotto,,,,,,aug/mensa-flugplatz_essen-1_aug0280.jpg
Mensafood Beetroot dumplings with feta cheese; feta risotto,,,,,,aug/mensa-flugplatz_essen-1_aug0281.jpg
Mensafood Beetroot dumplings with feta cheese; feta risotto,,,,,,aug/mensa-flugplatz_essen-1_aug0282.jpg
Mensafood Beetroot dumplings with feta cheese; feta risotto,,,,,,aug/mensa-flugplatz_essen-1_aug0283.jpg
Mensafood Pan of potato dumplings and vegetables; cream sauce; leafy salad,,,,,,aug/mensa-rempartstrae_tagesgericht_aug0288.jpg
Mensafood Pan of potato dumplings and vegetables; cream sauce; leafy salad,,,,,,aug/mensa-rempartstrae_tagesgericht_aug0289.jpg
Mensafood Pan of potato dumplings and vegetables; cream sauce; leafy salad,,,,,,aug/mensa-rempartstrae_tagesgericht_aug0290.jpg
Mensafood Pan of potato dumplings and vegetables; cream sauce; leafy salad,,,,,,aug/mensa-rempartstrae_tagesgericht_aug0291.jpg
Mensafood Soy gyros; cucumber dip; French fries,,,,,,aug/mensa-institutsviertel_abendessen-1_aug0296.jpg
Mensafood Soy gyros; cucumber dip; French fries,,,,,,aug/mensa-institutsviertel_abendessen-1_aug0297.jpg
Mensafood Soy gyros; cucumber dip; French fries,,,,,,aug/mensa-institutsviertel_abendessen-1_aug0298.jpg
Mensafood Soy gyros; cucumber dip; French fries,,,,,,aug/mensa-institutsviertel_abendessen-1_aug0299.jpg
Mensafood Mixed salad plate “Monte Ziego” with goat cream‑cheese ball; simit bread,,,,,,aug/mensa-flugplatz_essen-1_aug0300.jpg
Mensafood Mixed salad plate “Monte Ziego” with goat cream‑cheese ball; simit bread,,,,,,aug/mensa-flugplatz_essen-1_aug0301.jpg
Mensafood Mixed salad plate “Monte Ziego” with goat cream‑cheese ball; simit bread,,,,,,aug/mensa-flugplatz_essen-1_aug0302.jpg
Mensafood Mixed salad plate “Monte Ziego” with goat cream‑cheese ball; simit bread,,,,,,aug/mensa-flugplatz_essen-1_aug0303.jpg
"Mensafood Cauliflower burger with harissa mayonnaise, aubergine and rocket; French fries",,,,,,aug/mensa-rempartstrae_tagesgericht_aug0292.jpg
"Mensafood Cauliflower burger with harissa mayonnaise, aubergine and rocket; French fries",,,,,,aug/mensa-rempartstrae_tagesgericht_aug0293.jpg
"Mensafood Cauliflower burger with harissa mayonnaise, aubergine and rocket; French fries",,,,,,aug/mensa-rempartstrae_tagesgericht_aug0294.jpg
"Mensafood Cauliflower burger with harissa mayonnaise, aubergine and rocket; French fries",,,,,,aug/mensa-rempartstrae_tagesgericht_aug0295.jpg
Mensafood Vegetable gnocchi pan with pink and white sauces; rocket pesto; grated hard cheese,,,,,,aug/mensa-flugplatz_essen-1_aug0312.jpg
Mensafood Vegetable gnocchi pan with pink and white sauces; rocket pesto; grated hard cheese,,,,,,aug/mensa-flugplatz_essen-1_aug0313.jpg
Mensafood Vegetable gnocchi pan with pink and white sauces; rocket pesto; grated hard cheese,,,,,,aug/mensa-flugplatz_essen-1_aug0314.jpg
Mensafood Vegetable gnocchi pan with pink and white sauces; rocket pesto; grated hard cheese,,,,,,aug/mensa-flugplatz_essen-1_aug0315.jpg
Mensafood Rice pudding with fruit salad and cinnamon sugar,,,,,,aug/mensa-flugplatz_essen-3_aug0308.jpg
Mensafood Rice pudding with fruit salad and cinnamon sugar,,,,,,aug/mensa-flugplatz_essen-3_aug0309.jpg
Mensafood Rice pudding with fruit salad and cinnamon sugar,,,,,,aug/mensa-flugplatz_essen-3_aug0310.jpg
Mensafood Rice pudding with fruit salad and cinnamon sugar,,,,,,aug/mensa-flugplatz_essen-3_aug0311.jpg
Mensafood Fish fillet; herb potatoes; remoulade sauce,,,,,,aug/mensa-flugplatz_essen-2_aug0304.jpg
Mensafood Fish fillet; herb potatoes; remoulade sauce,,,,,,aug/mensa-flugplatz_essen-2_aug0305.jpg
Mensafood Fish fillet; herb potatoes; remoulade sauce,,,,,,aug/mensa-flugplatz_essen-2_aug0306.jpg
Mensafood Fish fillet; herb potatoes; remoulade sauce,,,,,,aug/mensa-flugplatz_essen-2_aug0307.jpg
Mensafood Greek farmer’s salad with feta cheese; seeded baguette,,,,,,aug/mensa-flugplatz_essen-1_aug0320.jpg
Mensafood Greek farmer’s salad with feta cheese; seeded baguette,,,,,,aug/mensa-flugplatz_essen-1_aug0321.jpg
Mensafood Greek farmer’s salad with feta cheese; seeded baguette,,,,,,aug/mensa-flugplatz_essen-1_aug0322.jpg
Mensafood Greek farmer’s salad with feta cheese; seeded baguette,,,,,,aug/mensa-flugplatz_essen-1_aug0323.jpg
Mensafood Organic asparagus spears with butter sauce; breaded pork schnitzel or vegetable schnitzel; new potatoes,,,,,,aug/mensa-flugplatz_essen-2_aug0316.jpg
Mensafood Organic asparagus spears with butter sauce; breaded pork schnitzel or vegetable schnitzel; new potatoes,,,,,,aug/mensa-flugplatz_essen-2_aug0317.jpg
Mensafood Organic asparagus spears with butter sauce; breaded pork schnitzel or vegetable schnitzel; new potatoes,,,,,,aug/mensa-flugplatz_essen-2_aug0318.jpg
Mensafood Organic asparagus spears with butter sauce; breaded pork schnitzel or vegetable schnitzel; new potatoes,,,,,,aug/mensa-flugplatz_essen-2_aug0319.jpg
"Mensafood Cauliflower burger with harissa mayonnaise, aubergine and rocket; baked potato and sweet‑potato wedges",,,,,,aug/mensa-flugplatz_essen-2_aug0324.jpg
"Mensafood Cauliflower burger with harissa mayonnaise, aubergine and rocket; baked potato and sweet‑potato wedges",,,,,,aug/mensa-flugplatz_essen-2_aug0325.jpg
"Mensafood Cauliflower burger with harissa mayonnaise, aubergine and rocket; baked potato and sweet‑potato wedges",,,,,,aug/mensa-flugplatz_essen-2_aug0326.jpg
"Mensafood Cauliflower burger with harissa mayonnaise, aubergine and rocket; baked potato and sweet‑potato wedges",,,,,,aug/mensa-flugplatz_essen-2_aug0327.jpg
Mensafood Coalfish fillet in tomato‑basil white‑wine sauce; potato gratin,,,,,,aug/mensa-flugplatz_essen-2_aug0340.jpg
Mensafood Coalfish fillet in tomato‑basil white‑wine sauce; potato gratin,,,,,,aug/mensa-flugplatz_essen-2_aug0341.jpg
Mensafood Coalfish fillet in tomato‑basil white‑wine sauce; potato gratin,,,,,,aug/mensa-flugplatz_essen-2_aug0342.jpg
Mensafood Coalfish fillet in tomato‑basil white‑wine sauce; potato gratin,,,,,,aug/mensa-flugplatz_essen-2_aug0343.jpg
Mensafood Vegetable Swabian dumplings baked with tomato and mozzarella; fried onions; rissolé potatoes,,,,,,aug/mensa-flugplatz_essen-1_aug0332.jpg
Mensafood Vegetable Swabian dumplings baked with tomato and mozzarella; fried onions; rissolé potatoes,,,,,,aug/mensa-flugplatz_essen-1_aug0333.jpg
Mensafood Vegetable Swabian dumplings baked with tomato and mozzarella; fried onions; rissolé potatoes,,,,,,aug/mensa-flugplatz_essen-1_aug0334.jpg
Mensafood Vegetable Swabian dumplings baked with tomato and mozzarella; fried onions; rissolé potatoes,,,,,,aug/mensa-flugplatz_essen-1_aug0335.jpg
Mensafood Potato gratin “Monte Ziego”; goat‑cheese dip,,,,,,aug/mensa-flugplatz_essen-1_aug0336.jpg
Mensafood Potato gratin “Monte Ziego”; goat‑cheese dip,,,,,,aug/mensa-flugplatz_essen-1_aug0337.jpg
Mensafood Potato gratin “Monte Ziego”; goat‑cheese dip,,,,,,aug/mensa-flugplatz_essen-1_aug0338.jpg
Mensafood Potato gratin “Monte Ziego”; goat‑cheese dip,,,,,,aug/mensa-flugplatz_essen-1_aug0339.jpg
Mensafood Börek with spinach; carrot curry; pea purée,,,,,,aug/mensa-institutsviertel_abendessen-1_aug0328.jpg
Mensafood Börek with spinach; carrot curry; pea purée,,,,,,aug/mensa-institutsviertel_abendessen-1_aug0329.jpg
Mensafood Börek with spinach; carrot curry; pea purée,,,,,,aug/mensa-institutsviertel_abendessen-1_aug0330.jpg
Mensafood Börek with spinach; carrot curry; pea purée,,,,,,aug/mensa-institutsviertel_abendessen-1_aug0331.jpg
Mensafood Lentil‑beetroot salad with halloumi and lemon cream; sweet‑potato pan with dates,,,,,,aug/mensa-flugplatz_essen-2_aug0352.jpg
Mensafood Lentil‑beetroot salad with halloumi and lemon cream; sweet‑potato pan with dates,,,,,,aug/mensa-flugplatz_essen-2_aug0353.jpg
Mensafood Lentil‑beetroot salad with halloumi and lemon cream; sweet‑potato pan with dates,,,,,,aug/mensa-flugplatz_essen-2_aug0354.jpg
Mensafood Lentil‑beetroot salad with halloumi and lemon cream; sweet‑potato pan with dates,,,,,,aug/mensa-flugplatz_essen-2_aug0355.jpg
Mensafood Organic asparagus spears with white sauce and new potatoes,,,,,,aug/mensa-flugplatz_essen-1_aug0364.jpg
Mensafood Organic asparagus spears with white sauce and new potatoes,,,,,,aug/mensa-flugplatz_essen-1_aug0365.jpg
Mensafood Organic asparagus spears with white sauce and new potatoes,,,,,,aug/mensa-flugplatz_essen-1_aug0366.jpg
Mensafood Organic asparagus spears with white sauce and new potatoes,,,,,,aug/mensa-flugplatz_essen-1_aug0367.jpg
Mensafood Rice pudding with apple sauce and cinnamon sugar,,,,,,aug/mensa-flugplatz_essen-3_aug0344.jpg
Mensafood Rice pudding with apple sauce and cinnamon sugar,,,,,,aug/mensa-flugplatz_essen-3_aug0345.jpg
Mensafood Rice pudding with apple sauce and cinnamon sugar,,,,,,aug/mensa-flugplatz_essen-3_aug0346.jpg
Mensafood Rice pudding with apple sauce and cinnamon sugar,,,,,,aug/mensa-flugplatz_essen-3_aug0347.jpg
Mensafood Tortellini filled with ricotta and spinach; asparagus vegetable ragout,,,,,,aug/mensa-flugplatz_essen-1_aug0372.jpg
Mensafood Tortellini filled with ricotta and spinach; asparagus vegetable ragout,,,,,,aug/mensa-flugplatz_essen-1_aug0373.jpg
Mensafood Tortellini filled with ricotta and spinach; asparagus vegetable ragout,,,,,,aug/mensa-flugplatz_essen-1_aug0374.jpg
Mensafood Tortellini filled with ricotta and spinach; asparagus vegetable ragout,,,,,,aug/mensa-flugplatz_essen-1_aug0375.jpg
Mensafood Roasted vegetable Swabian dumplings with onion sauce; potato‑cucumber salad,,,,,,aug/mensa-flugplatz_essen-1_aug0348.jpg
Mensafood Roasted vegetable Swabian dumplings with onion sauce; potato‑cucumber salad,,,,,,aug/mensa-flugplatz_essen-1_aug0349.jpg
Mensafood Roasted vegetable Swabian dumplings with onion sauce; potato‑cucumber salad,,,,,,aug/mensa-flugplatz_essen-1_aug0350.jpg
Mensafood Roasted vegetable Swabian dumplings with onion sauce; potato‑cucumber salad,,,,,,aug/mensa-flugplatz_essen-1_aug0351.jpg
Mensafood Pork cordon bleu with lemon jus; mashed potatoes; carrot‑pea vegetables,,,,,,aug/mensa-flugplatz_essen-2_aug0368.jpg
Mensafood Pork cordon bleu with lemon jus; mashed potatoes; carrot‑pea vegetables,,,,,,aug/mensa-flugplatz_essen-2_aug0369.jpg
Mensafood Pork cordon bleu with lemon jus; mashed potatoes; carrot‑pea vegetables,,,,,,aug/mensa-flugplatz_essen-2_aug0370.jpg
Mensafood Pork cordon bleu with lemon jus; mashed potatoes; carrot‑pea vegetables,,,,,,aug/mensa-flugplatz_essen-2_aug0371.jpg
"Mensafood Halloumi bowl with black lentils, beetroot dip, cucumber, papadam, tomato, olive, lemon bulgur and spicy onions",,,,,,aug/mensa-rempartstrae_tagesgericht_aug0360.jpg
"Mensafood Halloumi bowl with black lentils, beetroot dip, cucumber, papadam, tomato, olive, lemon bulgur and spicy onions",,,,,,aug/mensa-rempartstrae_tagesgericht_aug0361.jpg
"Mensafood Halloumi bowl with black lentils, beetroot dip, cucumber, papadam, tomato, olive, lemon bulgur and spicy onions",,,,,,aug/mensa-rempartstrae_tagesgericht_aug0362.jpg
"Mensafood Halloumi bowl with black lentils, beetroot dip, cucumber, papadam, tomato, olive, lemon bulgur and spicy onions",,,,,,aug/mensa-rempartstrae_tagesgericht_aug0363.jpg
Mensafood Roasted vegetables with pea guacamole,,,,,,aug/mensa-flugplatz_essen-1_aug0356.jpg
Mensafood Roasted vegetables with pea guacamole,,,,,,aug/mensa-flugplatz_essen-1_aug0357.jpg
Mensafood Roasted vegetables with pea guacamole,,,,,,aug/mensa-flugplatz_essen-1_aug0358.jpg
Mensafood Roasted vegetables with pea guacamole,,,,,,aug/mensa-flugplatz_essen-1_aug0359.jpg
Mensafood Rice pudding with strawberry compote and cinnamon sugar,,,,,,aug/mensa-flugplatz_essen-3_aug0376.jpg
Mensafood Rice pudding with strawberry compote and cinnamon sugar,,,,,,aug/mensa-flugplatz_essen-3_aug0377.jpg
Mensafood Rice pudding with strawberry compote and cinnamon sugar,,,,,,aug/mensa-flugplatz_essen-3_aug0378.jpg
Mensafood Rice pudding with strawberry compote and cinnamon sugar,,,,,,aug/mensa-flugplatz_essen-3_aug0379.jpg
Mensafood Potato‑asparagus gratin with white sauce; dessert,,,,,,aug/mensa-flugplatz_essen-2_aug0380.jpg
Mensafood Potato‑asparagus gratin with white sauce; dessert,,,,,,aug/mensa-flugplatz_essen-2_aug0381.jpg
Mensafood Potato‑asparagus gratin with white sauce; dessert,,,,,,aug/mensa-flugplatz_essen-2_aug0382.jpg
Mensafood Potato‑asparagus gratin with white sauce; dessert,,,,,,aug/mensa-flugplatz_essen-2_aug0383.jpg
Mensafood Puff‑pastry slice with feta‑style cheese and spinach; herb yoghurt dip; vegetable paella,,,,,,aug/mensa-flugplatz_essen-1_aug0388.jpg
Mensafood Puff‑pastry slice with feta‑style cheese and spinach; herb yoghurt dip; vegetable paella,,,,,,aug/mensa-flugplatz_essen-1_aug0389.jpg
Mensafood Puff‑pastry slice with feta‑style cheese and spinach; herb yoghurt dip; vegetable paella,,,,,,aug/mensa-flugplatz_essen-1_aug0390.jpg
Mensafood Puff‑pastry slice with feta‑style cheese and spinach; herb yoghurt dip; vegetable paella,,,,,,aug/mensa-flugplatz_essen-1_aug0391.jpg
Mensafood Cheese spaetzle with creamy mushroom sauce,,,,,,aug/mensa-flugplatz_essen-1_aug0396.jpg
Mensafood Cheese spaetzle with creamy mushroom sauce,,,,,,aug/mensa-flugplatz_essen-1_aug0397.jpg
Mensafood Cheese spaetzle with creamy mushroom sauce,,,,,,aug/mensa-flugplatz_essen-1_aug0398.jpg
Mensafood Cheese spaetzle with creamy mushroom sauce,,,,,,aug/mensa-flugplatz_essen-1_aug0399.jpg
"Mensafood Organic millet salad with vegetables, pumpkin seeds and cranberries; curry dip; flatbread",,,,,,aug/mensa-institutsviertel_schneller-teller_aug0384.jpg
"Mensafood Organic millet salad with vegetables, pumpkin seeds and cranberries; curry dip; flatbread",,,,,,aug/mensa-institutsviertel_schneller-teller_aug0385.jpg
"Mensafood Organic millet salad with vegetables, pumpkin seeds and cranberries; curry dip; flatbread",,,,,,aug/mensa-institutsviertel_schneller-teller_aug0386.jpg
"Mensafood Organic millet salad with vegetables, pumpkin seeds and cranberries; curry dip; flatbread",,,,,,aug/mensa-institutsviertel_schneller-teller_aug0387.jpg
Mensafood Spicy vegetable coconut soup with organic tofu,,,,,,aug/mensa-rempartstrae_schneller-teller_aug0392.jpg
Mensafood Spicy vegetable coconut soup with organic tofu,,,,,,aug/mensa-rempartstrae_schneller-teller_aug0393.jpg
Mensafood Spicy vegetable coconut soup with organic tofu,,,,,,aug/mensa-rempartstrae_schneller-teller_aug0394.jpg
Mensafood Spicy vegetable coconut soup with organic tofu,,,,,,aug/mensa-rempartstrae_schneller-teller_aug0395.jpg
"Mensafood Bulgur salad with melon, organic tofu cubes and baby spinach; assorted baguettes",,,,,,aug/mensa-flugplatz_essen-2_aug0400.jpg
"Mensafood Bulgur salad with melon, organic tofu cubes and baby spinach; assorted baguettes",,,,,,aug/mensa-flugplatz_essen-2_aug0401.jpg
"Mensafood Bulgur salad with melon, organic tofu cubes and baby spinach; assorted baguettes",,,,,,aug/mensa-flugplatz_essen-2_aug0402.jpg
"Mensafood Bulgur salad with melon, organic tofu cubes and baby spinach; assorted baguettes",,,,,,aug/mensa-flugplatz_essen-2_aug0403.jpg
Mensafood Baked potato with pea guacamole and bean cream,,,,,,aug/mensa-flugplatz_essen-1_aug0404.jpg
Mensafood Baked potato with pea guacamole and bean cream,,,,,,aug/mensa-flugplatz_essen-1_aug0405.jpg
Mensafood Baked potato with pea guacamole and bean cream,,,,,,aug/mensa-flugplatz_essen-1_aug0406.jpg
Mensafood Baked potato with pea guacamole and bean cream,,,,,,aug/mensa-flugplatz_essen-1_aug0407.jpg
Mensafood Crispy chicken schnitzel with tomato ragout; fusilli; grated hard cheese,,,,,,aug/mensa-flugplatz_essen-2_aug0408.jpg
Mensafood Crispy chicken schnitzel with tomato ragout; fusilli; grated hard cheese,,,,,,aug/mensa-flugplatz_essen-2_aug0409.jpg
Mensafood Crispy chicken schnitzel with tomato ragout; fusilli; grated hard cheese,,,,,,aug/mensa-flugplatz_essen-2_aug0410.jpg
Mensafood Crispy chicken schnitzel with tomato ragout; fusilli; grated hard cheese,,,,,,aug/mensa-flugplatz_essen-2_aug0411.jpg
Mensafood Sliced turkey in paprika sauce; mashed potatoes; creamed savoy cabbage,,,,,,aug/mensa-flugplatz_essen-2_aug0416.jpg
Mensafood Sliced turkey in paprika sauce; mashed potatoes; creamed savoy cabbage,,,,,,aug/mensa-flugplatz_essen-2_aug0417.jpg
Mensafood Sliced turkey in paprika sauce; mashed potatoes; creamed savoy cabbage,,,,,,aug/mensa-flugplatz_essen-2_aug0418.jpg
Mensafood Sliced turkey in paprika sauce; mashed potatoes; creamed savoy cabbage,,,,,,aug/mensa-flugplatz_essen-2_aug0419.jpg
"Mensafood Steamed yeast dumpling with vanilla sauce, poppy‑seed butter and apple sauce",,,,,,aug/mensa-flugplatz_essen-1_aug0420.jpg
"Mensafood Steamed yeast dumpling with vanilla sauce, poppy‑seed butter and apple sauce",,,,,,aug/mensa-flugplatz_essen-1_aug0421.jpg
"Mensafood Steamed yeast dumpling with vanilla sauce, poppy‑seed butter and apple sauce",,,,,,aug/mensa-flugplatz_essen-1_aug0422.jpg
"Mensafood Steamed yeast dumpling with vanilla sauce, poppy‑seed butter and apple sauce",,,,,,aug/mensa-flugplatz_essen-1_aug0423.jpg
Mensafood Samosa – filled pastry pockets; hoisin sauce; basmati rice; spinach leaves,,,,,,aug/mensa-littenweiler_essen-1_aug0412.jpg
Mensafood Samosa – filled pastry pockets; hoisin sauce; basmati rice; spinach leaves,,,,,,aug/mensa-littenweiler_essen-1_aug0413.jpg
Mensafood Samosa – filled pastry pockets; hoisin sauce; basmati rice; spinach leaves,,,,,,aug/mensa-littenweiler_essen-1_aug0414.jpg
Mensafood Samosa – filled pastry pockets; hoisin sauce; basmati rice; spinach leaves,,,,,,aug/mensa-littenweiler_essen-1_aug0415.jpg
Mensafood Sliced pork Zurich style; rissolé potatoes; herb pesto,,,,,,aug/mensa-flugplatz_essen-2_aug0424.jpg
Mensafood Sliced pork Zurich style; rissolé potatoes; herb pesto,,,,,,aug/mensa-flugplatz_essen-2_aug0425.jpg
Mensafood Sliced pork Zurich style; rissolé potatoes; herb pesto,,,,,,aug/mensa-flugplatz_essen-2_aug0426.jpg
Mensafood Sliced pork Zurich style; rissolé potatoes; herb pesto,,,,,,aug/mensa-flugplatz_essen-2_aug0427.jpg
Mensafood Roasted chicken leg; herb yoghurt dip; French fries,,,,,,aug/mensa-flugplatz_essen-2_aug0440.jpg
Mensafood Roasted chicken leg; herb yoghurt dip; French fries,,,,,,aug/mensa-flugplatz_essen-2_aug0441.jpg
Mensafood Roasted chicken leg; herb yoghurt dip; French fries,,,,,,aug/mensa-flugplatz_essen-2_aug0442.jpg
Mensafood Roasted chicken leg; herb yoghurt dip; French fries,,,,,,aug/mensa-flugplatz_essen-2_aug0443.jpg
Mensafood Baked marinated feta cheese in parchment; vegetable salad; pea guacamole; flatbread,,,,,,aug/mensa-flugplatz_essen-2_aug0436.jpg
Mensafood Baked marinated feta cheese in parchment; vegetable salad; pea guacamole; flatbread,,,,,,aug/mensa-flugplatz_essen-2_aug0437.jpg
Mensafood Baked marinated feta cheese in parchment; vegetable salad; pea guacamole; flatbread,,,,,,aug/mensa-flugplatz_essen-2_aug0438.jpg
Mensafood Baked marinated feta cheese in parchment; vegetable salad; pea guacamole; flatbread,,,,,,aug/mensa-flugplatz_essen-2_aug0439.jpg
Mensafood Carrot‑coconut soup with seeded bread roll,,,,,,aug/mensa-institutsviertel_schneller-teller_aug0428.jpg
Mensafood Carrot‑coconut soup with seeded bread roll,,,,,,aug/mensa-institutsviertel_schneller-teller_aug0429.jpg
Mensafood Carrot‑coconut soup with seeded bread roll,,,,,,aug/mensa-institutsviertel_schneller-teller_aug0430.jpg
Mensafood Carrot‑coconut soup with seeded bread roll,,,,,,aug/mensa-institutsviertel_schneller-teller_aug0431.jpg
Mensafood Penne all’arrabbiata; grated hard cheese,,,,,,aug/mensa-institutsviertel_schneller-teller_aug0432.jpg
Mensafood Penne all’arrabbiata; grated hard cheese,,,,,,aug/mensa-institutsviertel_schneller-teller_aug0433.jpg
Mensafood Penne all’arrabbiata; grated hard cheese,,,,,,aug/mensa-institutsviertel_schneller-teller_aug0434.jpg
Mensafood Penne all’arrabbiata; grated hard cheese,,,,,,aug/mensa-institutsviertel_schneller-teller_aug0435.jpg
"Mensafood Mixed salad with tomato, mozzarella and basil; Greek farmer’s salad; baguette",,,,,,aug/mensa-flugplatz_essen-1_aug0448.jpg
"Mensafood Mixed salad with tomato, mozzarella and basil; Greek farmer’s salad; baguette",,,,,,aug/mensa-flugplatz_essen-1_aug0449.jpg
"Mensafood Mixed salad with tomato, mozzarella and basil; Greek farmer’s salad; baguette",,,,,,aug/mensa-flugplatz_essen-1_aug0450.jpg
"Mensafood Mixed salad with tomato, mozzarella and basil; Greek farmer’s salad; baguette",,,,,,aug/mensa-flugplatz_essen-1_aug0451.jpg
Mensafood Vegetable patty with white sauce and fresh mushrooms; mashed potatoes; baby carrots,,,,,,aug/mensa-flugplatz_essen-1_aug0464.jpg
Mensafood Vegetable patty with white sauce and fresh mushrooms; mashed potatoes; baby carrots,,,,,,aug/mensa-flugplatz_essen-1_aug0465.jpg
Mensafood Vegetable patty with white sauce and fresh mushrooms; mashed potatoes; baby carrots,,,,,,aug/mensa-flugplatz_essen-1_aug0466.jpg
Mensafood Vegetable patty with white sauce and fresh mushrooms; mashed potatoes; baby carrots,,,,,,aug/mensa-flugplatz_essen-1_aug0467.jpg
Mensafood Organic beef roast with red‑wine sauce; potato croquettes; red cabbage,,,,,,aug/mensa-rempartstrae_essen-2_aug0444.jpg
Mensafood Organic beef roast with red‑wine sauce; potato croquettes; red cabbage,,,,,,aug/mensa-rempartstrae_essen-2_aug0445.jpg
Mensafood Organic beef roast with red‑wine sauce; potato croquettes; red cabbage,,,,,,aug/mensa-rempartstrae_essen-2_aug0446.jpg
Mensafood Organic beef roast with red‑wine sauce; potato croquettes; red cabbage,,,,,,aug/mensa-rempartstrae_essen-2_aug0447.jpg
Mensafood Pork steak with onion‑mustard crust; cream sauce; homemade spaetzle; green beans,,,,,,aug/mensa-flugplatz_essen-2_aug0460.jpg
Mensafood Pork steak with onion‑mustard crust; cream sauce; homemade spaetzle; green beans,,,,,,aug/mensa-flugplatz_essen-2_aug0461.jpg
Mensafood Pork steak with onion‑mustard crust; cream sauce; homemade spaetzle; green beans,,,,,,aug/mensa-flugplatz_essen-2_aug0462.jpg
Mensafood Pork steak with onion‑mustard crust; cream sauce; homemade spaetzle; green beans,,,,,,aug/mensa-flugplatz_essen-2_aug0463.jpg
Mensafood Pan of potato dumplings and vegetables with white sauce; pesto,,,,,,aug/mensa-flugplatz_essen-1_aug0472.jpg
Mensafood Pan of potato dumplings and vegetables with white sauce; pesto,,,,,,aug/mensa-flugplatz_essen-1_aug0473.jpg
Mensafood Pan of potato dumplings and vegetables with white sauce; pesto,,,,,,aug/mensa-flugplatz_essen-1_aug0474.jpg
Mensafood Pan of potato dumplings and vegetables with white sauce; pesto,,,,,,aug/mensa-flugplatz_essen-1_aug0475.jpg
Mensafood Breaded whiting fillet; tartar sauce; herb potatoes,,,,,,aug/mensa-flugplatz_essen-2_aug0456.jpg
Mensafood Breaded whiting fillet; tartar sauce; herb potatoes,,,,,,aug/mensa-flugplatz_essen-2_aug0457.jpg
Mensafood Breaded whiting fillet; tartar sauce; herb potatoes,,,,,,aug/mensa-flugplatz_essen-2_aug0458.jpg
Mensafood Breaded whiting fillet; tartar sauce; herb potatoes,,,,,,aug/mensa-flugplatz_essen-2_aug0459.jpg
Mensafood Hungarian‑style goulash with organic beef; butter noodles,,,,,,aug/mensa-flugplatz_essen-2_aug0452.jpg
Mensafood Hungarian‑style goulash with organic beef; butter noodles,,,,,,aug/mensa-flugplatz_essen-2_aug0453.jpg
Mensafood Hungarian‑style goulash with organic beef; butter noodles,,,,,,aug/mensa-flugplatz_essen-2_aug0454.jpg
Mensafood Hungarian‑style goulash with organic beef; butter noodles,,,,,,aug/mensa-flugplatz_essen-2_aug0455.jpg
Mensafood Apple strudel with vanilla sauce and sour‑cherry compote,,,,,,aug/mensa-flugplatz_essen-2_aug0468.jpg
Mensafood Apple strudel with vanilla sauce and sour‑cherry compote,,,,,,aug/mensa-flugplatz_essen-2_aug0469.jpg
Mensafood Apple strudel with vanilla sauce and sour‑cherry compote,,,,,,aug/mensa-flugplatz_essen-2_aug0470.jpg
Mensafood Apple strudel with vanilla sauce and sour‑cherry compote,,,,,,aug/mensa-flugplatz_essen-2_aug0471.jpg
Mensafood Organic beef roast with red‑wine sauce; homemade spaetzle; red cabbage,,,,,,aug/mensa-rempartstrae_essen-2_aug0480.jpg
Mensafood Organic beef roast with red‑wine sauce; homemade spaetzle; red cabbage,,,,,,aug/mensa-rempartstrae_essen-2_aug0481.jpg
Mensafood Organic beef roast with red‑wine sauce; homemade spaetzle; red cabbage,,,,,,aug/mensa-rempartstrae_essen-2_aug0482.jpg
Mensafood Organic beef roast with red‑wine sauce; homemade spaetzle; red cabbage,,,,,,aug/mensa-rempartstrae_essen-2_aug0483.jpg
Mensafood Mini spring rolls; sweet‑and‑sour sauce; long‑grain rice,,,,,,aug/mensa-flugplatz_essen-2_aug0484.jpg
Mensafood Mini spring rolls; sweet‑and‑sour sauce; long‑grain rice,,,,,,aug/mensa-flugplatz_essen-2_aug0485.jpg
Mensafood Mini spring rolls; sweet‑and‑sour sauce; long‑grain rice,,,,,,aug/mensa-flugplatz_essen-2_aug0486.jpg
Mensafood Mini spring rolls; sweet‑and‑sour sauce; long‑grain rice,,,,,,aug/mensa-flugplatz_essen-2_aug0487.jpg
Mensafood Roasted vegetable Swabian dumplings with egg; tomato sauce; potato‑cucumber salad,,,,,,aug/mensa-institutsviertel_essen-1_aug0488.jpg
Mensafood Roasted vegetable Swabian dumplings with egg; tomato sauce; potato‑cucumber salad,,,,,,aug/mensa-institutsviertel_essen-1_aug0489.jpg
Mensafood Roasted vegetable Swabian dumplings with egg; tomato sauce; potato‑cucumber salad,,,,,,aug/mensa-institutsviertel_essen-1_aug0490.jpg
Mensafood Roasted vegetable Swabian dumplings with egg; tomato sauce; potato‑cucumber salad,,,,,,aug/mensa-institutsviertel_essen-1_aug0491.jpg
"Mensafood Mediterranean bowl: olives, basil, zucchini, bean cream, pesto, organic couscous with vegetables, Ebly soft wheat, diced tomatoes",,,,,,aug/mensa-institutsviertel_essen-2_aug0500.jpg
"Mensafood Mediterranean bowl: olives, basil, zucchini, bean cream, pesto, organic couscous with vegetables, Ebly soft wheat, diced tomatoes",,,,,,aug/mensa-institutsviertel_essen-2_aug0501.jpg
"Mensafood Mediterranean bowl: olives, basil, zucchini, bean cream, pesto, organic couscous with vegetables, Ebly soft wheat, diced tomatoes",,,,,,aug/mensa-institutsviertel_essen-2_aug0502.jpg
"Mensafood Mediterranean bowl: olives, basil, zucchini, bean cream, pesto, organic couscous with vegetables, Ebly soft wheat, diced tomatoes",,,,,,aug/mensa-institutsviertel_essen-2_aug0503.jpg
Mensafood Colourful tortellini with creamy cheese sauce,,,,,,aug/mensa-rempartstrae_essen-1_aug0492.jpg
Mensafood Colourful tortellini with creamy cheese sauce,,,,,,aug/mensa-rempartstrae_essen-1_aug0493.jpg
Mensafood Colourful tortellini with creamy cheese sauce,,,,,,aug/mensa-rempartstrae_essen-1_aug0494.jpg
Mensafood Colourful tortellini with creamy cheese sauce,,,,,,aug/mensa-rempartstrae_essen-1_aug0495.jpg
Mensafood Red noodle curry with lentils and pineapple,,,,,,aug/mensa-rempartstrae_schneller-teller_aug0476.jpg
Mensafood Red noodle curry with lentils and pineapple,,,,,,aug/mensa-rempartstrae_schneller-teller_aug0477.jpg
Mensafood Red noodle curry with lentils and pineapple,,,,,,aug/mensa-rempartstrae_schneller-teller_aug0478.jpg
Mensafood Red noodle curry with lentils and pineapple,,,,,,aug/mensa-rempartstrae_schneller-teller_aug0479.jpg
Mensafood Sliced soy in Zurich sauce; rigatoni; baby carrots,,,,,,aug/mensa-institutsviertel_essen-1_aug0496.jpg
Mensafood Sliced soy in Zurich sauce; rigatoni; baby carrots,,,,,,aug/mensa-institutsviertel_essen-1_aug0497.jpg
Mensafood Sliced soy in Zurich sauce; rigatoni; baby carrots,,,,,,aug/mensa-institutsviertel_essen-1_aug0498.jpg
Mensafood Sliced soy in Zurich sauce; rigatoni; baby carrots,,,,,,aug/mensa-institutsviertel_essen-1_aug0499.jpg
Mensafood Lentil balls with sesame dip; organic baked potatoes; California coleslaw,,,,,,aug/mensa-rempartstrae_essen-1_aug0504.jpg
Mensafood Lentil balls with sesame dip; organic baked potatoes; California coleslaw,,,,,,aug/mensa-rempartstrae_essen-1_aug0505.jpg
Mensafood Lentil balls with sesame dip; organic baked potatoes; California coleslaw,,,,,,aug/mensa-rempartstrae_essen-1_aug0506.jpg
Mensafood Lentil balls with sesame dip; organic baked potatoes; California coleslaw,,,,,,aug/mensa-rempartstrae_essen-1_aug0507.jpg
Mensafood Chickpea polenta with ratatouille; sheep’s cheese with mint,,,,,,aug/mensa-littenweiler_essen-1_aug0508.jpg
Mensafood Chickpea polenta with ratatouille; sheep’s cheese with mint,,,,,,aug/mensa-littenweiler_essen-1_aug0509.jpg
Mensafood Chickpea polenta with ratatouille; sheep’s cheese with mint,,,,,,aug/mensa-littenweiler_essen-1_aug0510.jpg
Mensafood Chickpea polenta with ratatouille; sheep’s cheese with mint,,,,,,aug/mensa-littenweiler_essen-1_aug0511.jpg
